Copyright 1986-2022 Xilinx, Inc. All Rights Reserved. Copyright 2022-2025 Advanced Micro Devices, Inc. All Rights Reserved.
--------------------------------------------------------------------------------------------------------------------------------------------------------------------
| Tool Version : Vivado v.2025.2 (lin64) Build 6299465 Fri Nov 14 12:34:56 MST 2025
| Date         : Tue Sep 15 23:37:39 2026
| Host         : r9s running 64-bit Ubuntu 24.04.4 LTS
| Command      : report_methodology -file fir_plined_methodology_drc_routed.rpt -pb fir_plined_methodology_drc_routed.pb -rpx fir_plined_methodology_drc_routed.rpx
| Design       : fir_plined
| Device       : xc7z020clg484-2
| Speed File   : -2
| Design State : Fully Routed
--------------------------------------------------------------------------------------------------------------------------------------------------------------------

Report Methodology

Table of Contents
-----------------
1. REPORT SUMMARY
2. REPORT DETAILS

1. REPORT SUMMARY
-----------------
            Netlist: netlist
          Floorplan: design_1
      Design limits: <entire design considered>
             Max checks: <unlimited>
             Checks found: 403
+-----------+----------+-------------------------------+--------+
| Rule      | Severity | Description                   | Checks |
+-----------+----------+-------------------------------+--------+
| DPIR-1    | Warning  | Asynchronous driver check     | 192    |
| TIMING-16 | Warning  | Large setup violation         | 48     |
| TIMING-18 | Warning  | Missing input or output delay | 163    |
+-----------+----------+-------------------------------+--------+

2. REPORT DETAILS
-----------------
DPIR-1#1 Warning
Asynchronous driver check  
DSP result0 input pin result0/A[0] is connected to registers with an asynchronous reset. This is preventing the possibility of merging these registers in to the DSP Block since the DSP block registers only possess synchronous reset capability.  It is suggested to recode or change these registers to remove the reset or use a synchronous reset to get the best optimization for performance, power and area.
Related violations: <none>

DPIR-1#2 Warning
Asynchronous driver check  
DSP result0 input pin result0/A[10] is connected to registers with an asynchronous reset. This is preventing the possibility of merging these registers in to the DSP Block since the DSP block registers only possess synchronous reset capability.  It is suggested to recode or change these registers to remove the reset or use a synchronous reset to get the best optimization for performance, power and area.
Related violations: <none>

DPIR-1#3 Warning
Asynchronous driver check  
DSP result0 input pin result0/A[11] is connected to registers with an asynchronous reset. This is preventing the possibility of merging these registers in to the DSP Block since the DSP block registers only possess synchronous reset capability.  It is suggested to recode or change these registers to remove the reset or use a synchronous reset to get the best optimization for performance, power and area.
Related violations: <none>

DPIR-1#4 Warning
Asynchronous driver check  
DSP result0 input pin result0/A[12] is connected to registers with an asynchronous reset. This is preventing the possibility of merging these registers in to the DSP Block since the DSP block registers only possess synchronous reset capability.  It is suggested to recode or change these registers to remove the reset or use a synchronous reset to get the best optimization for performance, power and area.
Related violations: <none>

DPIR-1#5 Warning
Asynchronous driver check  
DSP result0 input pin result0/A[13] is connected to registers with an asynchronous reset. This is preventing the possibility of merging these registers in to the DSP Block since the DSP block registers only possess synchronous reset capability.  It is suggested to recode or change these registers to remove the reset or use a synchronous reset to get the best optimization for performance, power and area.
Related violations: <none>

DPIR-1#6 Warning
Asynchronous driver check  
DSP result0 input pin result0/A[14] is connected to registers with an asynchronous reset. This is preventing the possibility of merging these registers in to the DSP Block since the DSP block registers only possess synchronous reset capability.  It is suggested to recode or change these registers to remove the reset or use a synchronous reset to get the best optimization for performance, power and area.
Related violations: <none>

DPIR-1#7 Warning
Asynchronous driver check  
DSP result0 input pin result0/A[15] is connected to registers with an asynchronous reset. This is preventing the possibility of merging these registers in to the DSP Block since the DSP block registers only possess synchronous reset capability.  It is suggested to recode or change these registers to remove the reset or use a synchronous reset to get the best optimization for performance, power and area.
Related violations: <none>

DPIR-1#8 Warning
Asynchronous driver check  
DSP result0 input pin result0/A[16] is connected to registers with an asynchronous reset. This is preventing the possibility of merging these registers in to the DSP Block since the DSP block registers only possess synchronous reset capability.  It is suggested to recode or change these registers to remove the reset or use a synchronous reset to get the best optimization for performance, power and area.
Related violations: <none>

DPIR-1#9 Warning
Asynchronous driver check  
DSP result0 input pin result0/A[17] is connected to registers with an asynchronous reset. This is preventing the possibility of merging these registers in to the DSP Block since the DSP block registers only possess synchronous reset capability.  It is suggested to recode or change these registers to remove the reset or use a synchronous reset to get the best optimization for performance, power and area.
Related violations: <none>

DPIR-1#10 Warning
Asynchronous driver check  
DSP result0 input pin result0/A[18] is connected to registers with an asynchronous reset. This is preventing the possibility of merging these registers in to the DSP Block since the DSP block registers only possess synchronous reset capability.  It is suggested to recode or change these registers to remove the reset or use a synchronous reset to get the best optimization for performance, power and area.
Related violations: <none>

DPIR-1#11 Warning
Asynchronous driver check  
DSP result0 input pin result0/A[19] is connected to registers with an asynchronous reset. This is preventing the possibility of merging these registers in to the DSP Block since the DSP block registers only possess synchronous reset capability.  It is suggested to recode or change these registers to remove the reset or use a synchronous reset to get the best optimization for performance, power and area.
Related violations: <none>

DPIR-1#12 Warning
Asynchronous driver check  
DSP result0 input pin result0/A[1] is connected to registers with an asynchronous reset. This is preventing the possibility of merging these registers in to the DSP Block since the DSP block registers only possess synchronous reset capability.  It is suggested to recode or change these registers to remove the reset or use a synchronous reset to get the best optimization for performance, power and area.
Related violations: <none>

DPIR-1#13 Warning
Asynchronous driver check  
DSP result0 input pin result0/A[20] is connected to registers with an asynchronous reset. This is preventing the possibility of merging these registers in to the DSP Block since the DSP block registers only possess synchronous reset capability.  It is suggested to recode or change these registers to remove the reset or use a synchronous reset to get the best optimization for performance, power and area.
Related violations: <none>

DPIR-1#14 Warning
Asynchronous driver check  
DSP result0 input pin result0/A[21] is connected to registers with an asynchronous reset. This is preventing the possibility of merging these registers in to the DSP Block since the DSP block registers only possess synchronous reset capability.  It is suggested to recode or change these registers to remove the reset or use a synchronous reset to get the best optimization for performance, power and area.
Related violations: <none>

DPIR-1#15 Warning
Asynchronous driver check  
DSP result0 input pin result0/A[22] is connected to registers with an asynchronous reset. This is preventing the possibility of merging these registers in to the DSP Block since the DSP block registers only possess synchronous reset capability.  It is suggested to recode or change these registers to remove the reset or use a synchronous reset to get the best optimization for performance, power and area.
Related violations: <none>

DPIR-1#16 Warning
Asynchronous driver check  
DSP result0 input pin result0/A[23] is connected to registers with an asynchronous reset. This is preventing the possibility of merging these registers in to the DSP Block since the DSP block registers only possess synchronous reset capability.  It is suggested to recode or change these registers to remove the reset or use a synchronous reset to get the best optimization for performance, power and area.
Related violations: <none>

DPIR-1#17 Warning
Asynchronous driver check  
DSP result0 input pin result0/A[24] is connected to registers with an asynchronous reset. This is preventing the possibility of merging these registers in to the DSP Block since the DSP block registers only possess synchronous reset capability.  It is suggested to recode or change these registers to remove the reset or use a synchronous reset to get the best optimization for performance, power and area.
Related violations: <none>

DPIR-1#18 Warning
Asynchronous driver check  
DSP result0 input pin result0/A[25] is connected to registers with an asynchronous reset. This is preventing the possibility of merging these registers in to the DSP Block since the DSP block registers only possess synchronous reset capability.  It is suggested to recode or change these registers to remove the reset or use a synchronous reset to get the best optimization for performance, power and area.
Related violations: <none>

DPIR-1#19 Warning
Asynchronous driver check  
DSP result0 input pin result0/A[26] is connected to registers with an asynchronous reset. This is preventing the possibility of merging these registers in to the DSP Block since the DSP block registers only possess synchronous reset capability.  It is suggested to recode or change these registers to remove the reset or use a synchronous reset to get the best optimization for performance, power and area.
Related violations: <none>

DPIR-1#20 Warning
Asynchronous driver check  
DSP result0 input pin result0/A[27] is connected to registers with an asynchronous reset. This is preventing the possibility of merging these registers in to the DSP Block since the DSP block registers only possess synchronous reset capability.  It is suggested to recode or change these registers to remove the reset or use a synchronous reset to get the best optimization for performance, power and area.
Related violations: <none>

DPIR-1#21 Warning
Asynchronous driver check  
DSP result0 input pin result0/A[28] is connected to registers with an asynchronous reset. This is preventing the possibility of merging these registers in to the DSP Block since the DSP block registers only possess synchronous reset capability.  It is suggested to recode or change these registers to remove the reset or use a synchronous reset to get the best optimization for performance, power and area.
Related violations: <none>

DPIR-1#22 Warning
Asynchronous driver check  
DSP result0 input pin result0/A[29] is connected to registers with an asynchronous reset. This is preventing the possibility of merging these registers in to the DSP Block since the DSP block registers only possess synchronous reset capability.  It is suggested to recode or change these registers to remove the reset or use a synchronous reset to get the best optimization for performance, power and area.
Related violations: <none>

DPIR-1#23 Warning
Asynchronous driver check  
DSP result0 input pin result0/A[2] is connected to registers with an asynchronous reset. This is preventing the possibility of merging these registers in to the DSP Block since the DSP block registers only possess synchronous reset capability.  It is suggested to recode or change these registers to remove the reset or use a synchronous reset to get the best optimization for performance, power and area.
Related violations: <none>

DPIR-1#24 Warning
Asynchronous driver check  
DSP result0 input pin result0/A[3] is connected to registers with an asynchronous reset. This is preventing the possibility of merging these registers in to the DSP Block since the DSP block registers only possess synchronous reset capability.  It is suggested to recode or change these registers to remove the reset or use a synchronous reset to get the best optimization for performance, power and area.
Related violations: <none>

DPIR-1#25 Warning
Asynchronous driver check  
DSP result0 input pin result0/A[4] is connected to registers with an asynchronous reset. This is preventing the possibility of merging these registers in to the DSP Block since the DSP block registers only possess synchronous reset capability.  It is suggested to recode or change these registers to remove the reset or use a synchronous reset to get the best optimization for performance, power and area.
Related violations: <none>

DPIR-1#26 Warning
Asynchronous driver check  
DSP result0 input pin result0/A[5] is connected to registers with an asynchronous reset. This is preventing the possibility of merging these registers in to the DSP Block since the DSP block registers only possess synchronous reset capability.  It is suggested to recode or change these registers to remove the reset or use a synchronous reset to get the best optimization for performance, power and area.
Related violations: <none>

DPIR-1#27 Warning
Asynchronous driver check  
DSP result0 input pin result0/A[6] is connected to registers with an asynchronous reset. This is preventing the possibility of merging these registers in to the DSP Block since the DSP block registers only possess synchronous reset capability.  It is suggested to recode or change these registers to remove the reset or use a synchronous reset to get the best optimization for performance, power and area.
Related violations: <none>

DPIR-1#28 Warning
Asynchronous driver check  
DSP result0 input pin result0/A[7] is connected to registers with an asynchronous reset. This is preventing the possibility of merging these registers in to the DSP Block since the DSP block registers only possess synchronous reset capability.  It is suggested to recode or change these registers to remove the reset or use a synchronous reset to get the best optimization for performance, power and area.
Related violations: <none>

DPIR-1#29 Warning
Asynchronous driver check  
DSP result0 input pin result0/A[8] is connected to registers with an asynchronous reset. This is preventing the possibility of merging these registers in to the DSP Block since the DSP block registers only possess synchronous reset capability.  It is suggested to recode or change these registers to remove the reset or use a synchronous reset to get the best optimization for performance, power and area.
Related violations: <none>

DPIR-1#30 Warning
Asynchronous driver check  
DSP result0 input pin result0/A[9] is connected to registers with an asynchronous reset. This is preventing the possibility of merging these registers in to the DSP Block since the DSP block registers only possess synchronous reset capability.  It is suggested to recode or change these registers to remove the reset or use a synchronous reset to get the best optimization for performance, power and area.
Related violations: <none>

DPIR-1#31 Warning
Asynchronous driver check  
DSP result0 input pin result0/B[0] is connected to registers with an asynchronous reset. This is preventing the possibility of merging these registers in to the DSP Block since the DSP block registers only possess synchronous reset capability.  It is suggested to recode or change these registers to remove the reset or use a synchronous reset to get the best optimization for performance, power and area.
Related violations: <none>

DPIR-1#32 Warning
Asynchronous driver check  
DSP result0 input pin result0/B[10] is connected to registers with an asynchronous reset. This is preventing the possibility of merging these registers in to the DSP Block since the DSP block registers only possess synchronous reset capability.  It is suggested to recode or change these registers to remove the reset or use a synchronous reset to get the best optimization for performance, power and area.
Related violations: <none>

DPIR-1#33 Warning
Asynchronous driver check  
DSP result0 input pin result0/B[11] is connected to registers with an asynchronous reset. This is preventing the possibility of merging these registers in to the DSP Block since the DSP block registers only possess synchronous reset capability.  It is suggested to recode or change these registers to remove the reset or use a synchronous reset to get the best optimization for performance, power and area.
Related violations: <none>

DPIR-1#34 Warning
Asynchronous driver check  
DSP result0 input pin result0/B[12] is connected to registers with an asynchronous reset. This is preventing the possibility of merging these registers in to the DSP Block since the DSP block registers only possess synchronous reset capability.  It is suggested to recode or change these registers to remove the reset or use a synchronous reset to get the best optimization for performance, power and area.
Related violations: <none>

DPIR-1#35 Warning
Asynchronous driver check  
DSP result0 input pin result0/B[13] is connected to registers with an asynchronous reset. This is preventing the possibility of merging these registers in to the DSP Block since the DSP block registers only possess synchronous reset capability.  It is suggested to recode or change these registers to remove the reset or use a synchronous reset to get the best optimization for performance, power and area.
Related violations: <none>

DPIR-1#36 Warning
Asynchronous driver check  
DSP result0 input pin result0/B[14] is connected to registers with an asynchronous reset. This is preventing the possibility of merging these registers in to the DSP Block since the DSP block registers only possess synchronous reset capability.  It is suggested to recode or change these registers to remove the reset or use a synchronous reset to get the best optimization for performance, power and area.
Related violations: <none>

DPIR-1#37 Warning
Asynchronous driver check  
DSP result0 input pin result0/B[15] is connected to registers with an asynchronous reset. This is preventing the possibility of merging these registers in to the DSP Block since the DSP block registers only possess synchronous reset capability.  It is suggested to recode or change these registers to remove the reset or use a synchronous reset to get the best optimization for performance, power and area.
Related violations: <none>

DPIR-1#38 Warning
Asynchronous driver check  
DSP result0 input pin result0/B[16] is connected to registers with an asynchronous reset. This is preventing the possibility of merging these registers in to the DSP Block since the DSP block registers only possess synchronous reset capability.  It is suggested to recode or change these registers to remove the reset or use a synchronous reset to get the best optimization for performance, power and area.
Related violations: <none>

DPIR-1#39 Warning
Asynchronous driver check  
DSP result0 input pin result0/B[17] is connected to registers with an asynchronous reset. This is preventing the possibility of merging these registers in to the DSP Block since the DSP block registers only possess synchronous reset capability.  It is suggested to recode or change these registers to remove the reset or use a synchronous reset to get the best optimization for performance, power and area.
Related violations: <none>

DPIR-1#40 Warning
Asynchronous driver check  
DSP result0 input pin result0/B[1] is connected to registers with an asynchronous reset. This is preventing the possibility of merging these registers in to the DSP Block since the DSP block registers only possess synchronous reset capability.  It is suggested to recode or change these registers to remove the reset or use a synchronous reset to get the best optimization for performance, power and area.
Related violations: <none>

DPIR-1#41 Warning
Asynchronous driver check  
DSP result0 input pin result0/B[2] is connected to registers with an asynchronous reset. This is preventing the possibility of merging these registers in to the DSP Block since the DSP block registers only possess synchronous reset capability.  It is suggested to recode or change these registers to remove the reset or use a synchronous reset to get the best optimization for performance, power and area.
Related violations: <none>

DPIR-1#42 Warning
Asynchronous driver check  
DSP result0 input pin result0/B[3] is connected to registers with an asynchronous reset. This is preventing the possibility of merging these registers in to the DSP Block since the DSP block registers only possess synchronous reset capability.  It is suggested to recode or change these registers to remove the reset or use a synchronous reset to get the best optimization for performance, power and area.
Related violations: <none>

DPIR-1#43 Warning
Asynchronous driver check  
DSP result0 input pin result0/B[4] is connected to registers with an asynchronous reset. This is preventing the possibility of merging these registers in to the DSP Block since the DSP block registers only possess synchronous reset capability.  It is suggested to recode or change these registers to remove the reset or use a synchronous reset to get the best optimization for performance, power and area.
Related violations: <none>

DPIR-1#44 Warning
Asynchronous driver check  
DSP result0 input pin result0/B[5] is connected to registers with an asynchronous reset. This is preventing the possibility of merging these registers in to the DSP Block since the DSP block registers only possess synchronous reset capability.  It is suggested to recode or change these registers to remove the reset or use a synchronous reset to get the best optimization for performance, power and area.
Related violations: <none>

DPIR-1#45 Warning
Asynchronous driver check  
DSP result0 input pin result0/B[6] is connected to registers with an asynchronous reset. This is preventing the possibility of merging these registers in to the DSP Block since the DSP block registers only possess synchronous reset capability.  It is suggested to recode or change these registers to remove the reset or use a synchronous reset to get the best optimization for performance, power and area.
Related violations: <none>

DPIR-1#46 Warning
Asynchronous driver check  
DSP result0 input pin result0/B[7] is connected to registers with an asynchronous reset. This is preventing the possibility of merging these registers in to the DSP Block since the DSP block registers only possess synchronous reset capability.  It is suggested to recode or change these registers to remove the reset or use a synchronous reset to get the best optimization for performance, power and area.
Related violations: <none>

DPIR-1#47 Warning
Asynchronous driver check  
DSP result0 input pin result0/B[8] is connected to registers with an asynchronous reset. This is preventing the possibility of merging these registers in to the DSP Block since the DSP block registers only possess synchronous reset capability.  It is suggested to recode or change these registers to remove the reset or use a synchronous reset to get the best optimization for performance, power and area.
Related violations: <none>

DPIR-1#48 Warning
Asynchronous driver check  
DSP result0 input pin result0/B[9] is connected to registers with an asynchronous reset. This is preventing the possibility of merging these registers in to the DSP Block since the DSP block registers only possess synchronous reset capability.  It is suggested to recode or change these registers to remove the reset or use a synchronous reset to get the best optimization for performance, power and area.
Related violations: <none>

DPIR-1#49 Warning
Asynchronous driver check  
DSP result0__0 input pin result0__0/A[0] is connected to registers with an asynchronous reset. This is preventing the possibility of merging these registers in to the DSP Block since the DSP block registers only possess synchronous reset capability.  It is suggested to recode or change these registers to remove the reset or use a synchronous reset to get the best optimization for performance, power and area.
Related violations: <none>

DPIR-1#50 Warning
Asynchronous driver check  
DSP result0__0 input pin result0__0/A[10] is connected to registers with an asynchronous reset. This is preventing the possibility of merging these registers in to the DSP Block since the DSP block registers only possess synchronous reset capability.  It is suggested to recode or change these registers to remove the reset or use a synchronous reset to get the best optimization for performance, power and area.
Related violations: <none>

DPIR-1#51 Warning
Asynchronous driver check  
DSP result0__0 input pin result0__0/A[11] is connected to registers with an asynchronous reset. This is preventing the possibility of merging these registers in to the DSP Block since the DSP block registers only possess synchronous reset capability.  It is suggested to recode or change these registers to remove the reset or use a synchronous reset to get the best optimization for performance, power and area.
Related violations: <none>

DPIR-1#52 Warning
Asynchronous driver check  
DSP result0__0 input pin result0__0/A[12] is connected to registers with an asynchronous reset. This is preventing the possibility of merging these registers in to the DSP Block since the DSP block registers only possess synchronous reset capability.  It is suggested to recode or change these registers to remove the reset or use a synchronous reset to get the best optimization for performance, power and area.
Related violations: <none>

DPIR-1#53 Warning
Asynchronous driver check  
DSP result0__0 input pin result0__0/A[13] is connected to registers with an asynchronous reset. This is preventing the possibility of merging these registers in to the DSP Block since the DSP block registers only possess synchronous reset capability.  It is suggested to recode or change these registers to remove the reset or use a synchronous reset to get the best optimization for performance, power and area.
Related violations: <none>

DPIR-1#54 Warning
Asynchronous driver check  
DSP result0__0 input pin result0__0/A[14] is connected to registers with an asynchronous reset. This is preventing the possibility of merging these registers in to the DSP Block since the DSP block registers only possess synchronous reset capability.  It is suggested to recode or change these registers to remove the reset or use a synchronous reset to get the best optimization for performance, power and area.
Related violations: <none>

DPIR-1#55 Warning
Asynchronous driver check  
DSP result0__0 input pin result0__0/A[15] is connected to registers with an asynchronous reset. This is preventing the possibility of merging these registers in to the DSP Block since the DSP block registers only possess synchronous reset capability.  It is suggested to recode or change these registers to remove the reset or use a synchronous reset to get the best optimization for performance, power and area.
Related violations: <none>

DPIR-1#56 Warning
Asynchronous driver check  
DSP result0__0 input pin result0__0/A[16] is connected to registers with an asynchronous reset. This is preventing the possibility of merging these registers in to the DSP Block since the DSP block registers only possess synchronous reset capability.  It is suggested to recode or change these registers to remove the reset or use a synchronous reset to get the best optimization for performance, power and area.
Related violations: <none>

DPIR-1#57 Warning
Asynchronous driver check  
DSP result0__0 input pin result0__0/A[17] is connected to registers with an asynchronous reset. This is preventing the possibility of merging these registers in to the DSP Block since the DSP block registers only possess synchronous reset capability.  It is suggested to recode or change these registers to remove the reset or use a synchronous reset to get the best optimization for performance, power and area.
Related violations: <none>

DPIR-1#58 Warning
Asynchronous driver check  
DSP result0__0 input pin result0__0/A[18] is connected to registers with an asynchronous reset. This is preventing the possibility of merging these registers in to the DSP Block since the DSP block registers only possess synchronous reset capability.  It is suggested to recode or change these registers to remove the reset or use a synchronous reset to get the best optimization for performance, power and area.
Related violations: <none>

DPIR-1#59 Warning
Asynchronous driver check  
DSP result0__0 input pin result0__0/A[19] is connected to registers with an asynchronous reset. This is preventing the possibility of merging these registers in to the DSP Block since the DSP block registers only possess synchronous reset capability.  It is suggested to recode or change these registers to remove the reset or use a synchronous reset to get the best optimization for performance, power and area.
Related violations: <none>

DPIR-1#60 Warning
Asynchronous driver check  
DSP result0__0 input pin result0__0/A[1] is connected to registers with an asynchronous reset. This is preventing the possibility of merging these registers in to the DSP Block since the DSP block registers only possess synchronous reset capability.  It is suggested to recode or change these registers to remove the reset or use a synchronous reset to get the best optimization for performance, power and area.
Related violations: <none>

DPIR-1#61 Warning
Asynchronous driver check  
DSP result0__0 input pin result0__0/A[20] is connected to registers with an asynchronous reset. This is preventing the possibility of merging these registers in to the DSP Block since the DSP block registers only possess synchronous reset capability.  It is suggested to recode or change these registers to remove the reset or use a synchronous reset to get the best optimization for performance, power and area.
Related violations: <none>

DPIR-1#62 Warning
Asynchronous driver check  
DSP result0__0 input pin result0__0/A[21] is connected to registers with an asynchronous reset. This is preventing the possibility of merging these registers in to the DSP Block since the DSP block registers only possess synchronous reset capability.  It is suggested to recode or change these registers to remove the reset or use a synchronous reset to get the best optimization for performance, power and area.
Related violations: <none>

DPIR-1#63 Warning
Asynchronous driver check  
DSP result0__0 input pin result0__0/A[22] is connected to registers with an asynchronous reset. This is preventing the possibility of merging these registers in to the DSP Block since the DSP block registers only possess synchronous reset capability.  It is suggested to recode or change these registers to remove the reset or use a synchronous reset to get the best optimization for performance, power and area.
Related violations: <none>

DPIR-1#64 Warning
Asynchronous driver check  
DSP result0__0 input pin result0__0/A[23] is connected to registers with an asynchronous reset. This is preventing the possibility of merging these registers in to the DSP Block since the DSP block registers only possess synchronous reset capability.  It is suggested to recode or change these registers to remove the reset or use a synchronous reset to get the best optimization for performance, power and area.
Related violations: <none>

DPIR-1#65 Warning
Asynchronous driver check  
DSP result0__0 input pin result0__0/A[24] is connected to registers with an asynchronous reset. This is preventing the possibility of merging these registers in to the DSP Block since the DSP block registers only possess synchronous reset capability.  It is suggested to recode or change these registers to remove the reset or use a synchronous reset to get the best optimization for performance, power and area.
Related violations: <none>

DPIR-1#66 Warning
Asynchronous driver check  
DSP result0__0 input pin result0__0/A[25] is connected to registers with an asynchronous reset. This is preventing the possibility of merging these registers in to the DSP Block since the DSP block registers only possess synchronous reset capability.  It is suggested to recode or change these registers to remove the reset or use a synchronous reset to get the best optimization for performance, power and area.
Related violations: <none>

DPIR-1#67 Warning
Asynchronous driver check  
DSP result0__0 input pin result0__0/A[26] is connected to registers with an asynchronous reset. This is preventing the possibility of merging these registers in to the DSP Block since the DSP block registers only possess synchronous reset capability.  It is suggested to recode or change these registers to remove the reset or use a synchronous reset to get the best optimization for performance, power and area.
Related violations: <none>

DPIR-1#68 Warning
Asynchronous driver check  
DSP result0__0 input pin result0__0/A[27] is connected to registers with an asynchronous reset. This is preventing the possibility of merging these registers in to the DSP Block since the DSP block registers only possess synchronous reset capability.  It is suggested to recode or change these registers to remove the reset or use a synchronous reset to get the best optimization for performance, power and area.
Related violations: <none>

DPIR-1#69 Warning
Asynchronous driver check  
DSP result0__0 input pin result0__0/A[28] is connected to registers with an asynchronous reset. This is preventing the possibility of merging these registers in to the DSP Block since the DSP block registers only possess synchronous reset capability.  It is suggested to recode or change these registers to remove the reset or use a synchronous reset to get the best optimization for performance, power and area.
Related violations: <none>

DPIR-1#70 Warning
Asynchronous driver check  
DSP result0__0 input pin result0__0/A[29] is connected to registers with an asynchronous reset. This is preventing the possibility of merging these registers in to the DSP Block since the DSP block registers only possess synchronous reset capability.  It is suggested to recode or change these registers to remove the reset or use a synchronous reset to get the best optimization for performance, power and area.
Related violations: <none>

DPIR-1#71 Warning
Asynchronous driver check  
DSP result0__0 input pin result0__0/A[2] is connected to registers with an asynchronous reset. This is preventing the possibility of merging these registers in to the DSP Block since the DSP block registers only possess synchronous reset capability.  It is suggested to recode or change these registers to remove the reset or use a synchronous reset to get the best optimization for performance, power and area.
Related violations: <none>

DPIR-1#72 Warning
Asynchronous driver check  
DSP result0__0 input pin result0__0/A[3] is connected to registers with an asynchronous reset. This is preventing the possibility of merging these registers in to the DSP Block since the DSP block registers only possess synchronous reset capability.  It is suggested to recode or change these registers to remove the reset or use a synchronous reset to get the best optimization for performance, power and area.
Related violations: <none>

DPIR-1#73 Warning
Asynchronous driver check  
DSP result0__0 input pin result0__0/A[4] is connected to registers with an asynchronous reset. This is preventing the possibility of merging these registers in to the DSP Block since the DSP block registers only possess synchronous reset capability.  It is suggested to recode or change these registers to remove the reset or use a synchronous reset to get the best optimization for performance, power and area.
Related violations: <none>

DPIR-1#74 Warning
Asynchronous driver check  
DSP result0__0 input pin result0__0/A[5] is connected to registers with an asynchronous reset. This is preventing the possibility of merging these registers in to the DSP Block since the DSP block registers only possess synchronous reset capability.  It is suggested to recode or change these registers to remove the reset or use a synchronous reset to get the best optimization for performance, power and area.
Related violations: <none>

DPIR-1#75 Warning
Asynchronous driver check  
DSP result0__0 input pin result0__0/A[6] is connected to registers with an asynchronous reset. This is preventing the possibility of merging these registers in to the DSP Block since the DSP block registers only possess synchronous reset capability.  It is suggested to recode or change these registers to remove the reset or use a synchronous reset to get the best optimization for performance, power and area.
Related violations: <none>

DPIR-1#76 Warning
Asynchronous driver check  
DSP result0__0 input pin result0__0/A[7] is connected to registers with an asynchronous reset. This is preventing the possibility of merging these registers in to the DSP Block since the DSP block registers only possess synchronous reset capability.  It is suggested to recode or change these registers to remove the reset or use a synchronous reset to get the best optimization for performance, power and area.
Related violations: <none>

DPIR-1#77 Warning
Asynchronous driver check  
DSP result0__0 input pin result0__0/A[8] is connected to registers with an asynchronous reset. This is preventing the possibility of merging these registers in to the DSP Block since the DSP block registers only possess synchronous reset capability.  It is suggested to recode or change these registers to remove the reset or use a synchronous reset to get the best optimization for performance, power and area.
Related violations: <none>

DPIR-1#78 Warning
Asynchronous driver check  
DSP result0__0 input pin result0__0/A[9] is connected to registers with an asynchronous reset. This is preventing the possibility of merging these registers in to the DSP Block since the DSP block registers only possess synchronous reset capability.  It is suggested to recode or change these registers to remove the reset or use a synchronous reset to get the best optimization for performance, power and area.
Related violations: <none>

DPIR-1#79 Warning
Asynchronous driver check  
DSP result0__0 input pin result0__0/B[0] is connected to registers with an asynchronous reset. This is preventing the possibility of merging these registers in to the DSP Block since the DSP block registers only possess synchronous reset capability.  It is suggested to recode or change these registers to remove the reset or use a synchronous reset to get the best optimization for performance, power and area.
Related violations: <none>

DPIR-1#80 Warning
Asynchronous driver check  
DSP result0__0 input pin result0__0/B[10] is connected to registers with an asynchronous reset. This is preventing the possibility of merging these registers in to the DSP Block since the DSP block registers only possess synchronous reset capability.  It is suggested to recode or change these registers to remove the reset or use a synchronous reset to get the best optimization for performance, power and area.
Related violations: <none>

DPIR-1#81 Warning
Asynchronous driver check  
DSP result0__0 input pin result0__0/B[11] is connected to registers with an asynchronous reset. This is preventing the possibility of merging these registers in to the DSP Block since the DSP block registers only possess synchronous reset capability.  It is suggested to recode or change these registers to remove the reset or use a synchronous reset to get the best optimization for performance, power and area.
Related violations: <none>

DPIR-1#82 Warning
Asynchronous driver check  
DSP result0__0 input pin result0__0/B[12] is connected to registers with an asynchronous reset. This is preventing the possibility of merging these registers in to the DSP Block since the DSP block registers only possess synchronous reset capability.  It is suggested to recode or change these registers to remove the reset or use a synchronous reset to get the best optimization for performance, power and area.
Related violations: <none>

DPIR-1#83 Warning
Asynchronous driver check  
DSP result0__0 input pin result0__0/B[13] is connected to registers with an asynchronous reset. This is preventing the possibility of merging these registers in to the DSP Block since the DSP block registers only possess synchronous reset capability.  It is suggested to recode or change these registers to remove the reset or use a synchronous reset to get the best optimization for performance, power and area.
Related violations: <none>

DPIR-1#84 Warning
Asynchronous driver check  
DSP result0__0 input pin result0__0/B[14] is connected to registers with an asynchronous reset. This is preventing the possibility of merging these registers in to the DSP Block since the DSP block registers only possess synchronous reset capability.  It is suggested to recode or change these registers to remove the reset or use a synchronous reset to get the best optimization for performance, power and area.
Related violations: <none>

DPIR-1#85 Warning
Asynchronous driver check  
DSP result0__0 input pin result0__0/B[15] is connected to registers with an asynchronous reset. This is preventing the possibility of merging these registers in to the DSP Block since the DSP block registers only possess synchronous reset capability.  It is suggested to recode or change these registers to remove the reset or use a synchronous reset to get the best optimization for performance, power and area.
Related violations: <none>

DPIR-1#86 Warning
Asynchronous driver check  
DSP result0__0 input pin result0__0/B[16] is connected to registers with an asynchronous reset. This is preventing the possibility of merging these registers in to the DSP Block since the DSP block registers only possess synchronous reset capability.  It is suggested to recode or change these registers to remove the reset or use a synchronous reset to get the best optimization for performance, power and area.
Related violations: <none>

DPIR-1#87 Warning
Asynchronous driver check  
DSP result0__0 input pin result0__0/B[17] is connected to registers with an asynchronous reset. This is preventing the possibility of merging these registers in to the DSP Block since the DSP block registers only possess synchronous reset capability.  It is suggested to recode or change these registers to remove the reset or use a synchronous reset to get the best optimization for performance, power and area.
Related violations: <none>

DPIR-1#88 Warning
Asynchronous driver check  
DSP result0__0 input pin result0__0/B[1] is connected to registers with an asynchronous reset. This is preventing the possibility of merging these registers in to the DSP Block since the DSP block registers only possess synchronous reset capability.  It is suggested to recode or change these registers to remove the reset or use a synchronous reset to get the best optimization for performance, power and area.
Related violations: <none>

DPIR-1#89 Warning
Asynchronous driver check  
DSP result0__0 input pin result0__0/B[2] is connected to registers with an asynchronous reset. This is preventing the possibility of merging these registers in to the DSP Block since the DSP block registers only possess synchronous reset capability.  It is suggested to recode or change these registers to remove the reset or use a synchronous reset to get the best optimization for performance, power and area.
Related violations: <none>

DPIR-1#90 Warning
Asynchronous driver check  
DSP result0__0 input pin result0__0/B[3] is connected to registers with an asynchronous reset. This is preventing the possibility of merging these registers in to the DSP Block since the DSP block registers only possess synchronous reset capability.  It is suggested to recode or change these registers to remove the reset or use a synchronous reset to get the best optimization for performance, power and area.
Related violations: <none>

DPIR-1#91 Warning
Asynchronous driver check  
DSP result0__0 input pin result0__0/B[4] is connected to registers with an asynchronous reset. This is preventing the possibility of merging these registers in to the DSP Block since the DSP block registers only possess synchronous reset capability.  It is suggested to recode or change these registers to remove the reset or use a synchronous reset to get the best optimization for performance, power and area.
Related violations: <none>

DPIR-1#92 Warning
Asynchronous driver check  
DSP result0__0 input pin result0__0/B[5] is connected to registers with an asynchronous reset. This is preventing the possibility of merging these registers in to the DSP Block since the DSP block registers only possess synchronous reset capability.  It is suggested to recode or change these registers to remove the reset or use a synchronous reset to get the best optimization for performance, power and area.
Related violations: <none>

DPIR-1#93 Warning
Asynchronous driver check  
DSP result0__0 input pin result0__0/B[6] is connected to registers with an asynchronous reset. This is preventing the possibility of merging these registers in to the DSP Block since the DSP block registers only possess synchronous reset capability.  It is suggested to recode or change these registers to remove the reset or use a synchronous reset to get the best optimization for performance, power and area.
Related violations: <none>

DPIR-1#94 Warning
Asynchronous driver check  
DSP result0__0 input pin result0__0/B[7] is connected to registers with an asynchronous reset. This is preventing the possibility of merging these registers in to the DSP Block since the DSP block registers only possess synchronous reset capability.  It is suggested to recode or change these registers to remove the reset or use a synchronous reset to get the best optimization for performance, power and area.
Related violations: <none>

DPIR-1#95 Warning
Asynchronous driver check  
DSP result0__0 input pin result0__0/B[8] is connected to registers with an asynchronous reset. This is preventing the possibility of merging these registers in to the DSP Block since the DSP block registers only possess synchronous reset capability.  It is suggested to recode or change these registers to remove the reset or use a synchronous reset to get the best optimization for performance, power and area.
Related violations: <none>

DPIR-1#96 Warning
Asynchronous driver check  
DSP result0__0 input pin result0__0/B[9] is connected to registers with an asynchronous reset. This is preventing the possibility of merging these registers in to the DSP Block since the DSP block registers only possess synchronous reset capability.  It is suggested to recode or change these registers to remove the reset or use a synchronous reset to get the best optimization for performance, power and area.
Related violations: <none>

DPIR-1#97 Warning
Asynchronous driver check  
DSP result0__1 input pin result0__1/A[0] is connected to registers with an asynchronous reset. This is preventing the possibility of merging these registers in to the DSP Block since the DSP block registers only possess synchronous reset capability.  It is suggested to recode or change these registers to remove the reset or use a synchronous reset to get the best optimization for performance, power and area.
Related violations: <none>

DPIR-1#98 Warning
Asynchronous driver check  
DSP result0__1 input pin result0__1/A[10] is connected to registers with an asynchronous reset. This is preventing the possibility of merging these registers in to the DSP Block since the DSP block registers only possess synchronous reset capability.  It is suggested to recode or change these registers to remove the reset or use a synchronous reset to get the best optimization for performance, power and area.
Related violations: <none>

DPIR-1#99 Warning
Asynchronous driver check  
DSP result0__1 input pin result0__1/A[11] is connected to registers with an asynchronous reset. This is preventing the possibility of merging these registers in to the DSP Block since the DSP block registers only possess synchronous reset capability.  It is suggested to recode or change these registers to remove the reset or use a synchronous reset to get the best optimization for performance, power and area.
Related violations: <none>

DPIR-1#100 Warning
Asynchronous driver check  
DSP result0__1 input pin result0__1/A[12] is connected to registers with an asynchronous reset. This is preventing the possibility of merging these registers in to the DSP Block since the DSP block registers only possess synchronous reset capability.  It is suggested to recode or change these registers to remove the reset or use a synchronous reset to get the best optimization for performance, power and area.
Related violations: <none>

DPIR-1#101 Warning
Asynchronous driver check  
DSP result0__1 input pin result0__1/A[13] is connected to registers with an asynchronous reset. This is preventing the possibility of merging these registers in to the DSP Block since the DSP block registers only possess synchronous reset capability.  It is suggested to recode or change these registers to remove the reset or use a synchronous reset to get the best optimization for performance, power and area.
Related violations: <none>

DPIR-1#102 Warning
Asynchronous driver check  
DSP result0__1 input pin result0__1/A[14] is connected to registers with an asynchronous reset. This is preventing the possibility of merging these registers in to the DSP Block since the DSP block registers only possess synchronous reset capability.  It is suggested to recode or change these registers to remove the reset or use a synchronous reset to get the best optimization for performance, power and area.
Related violations: <none>

DPIR-1#103 Warning
Asynchronous driver check  
DSP result0__1 input pin result0__1/A[15] is connected to registers with an asynchronous reset. This is preventing the possibility of merging these registers in to the DSP Block since the DSP block registers only possess synchronous reset capability.  It is suggested to recode or change these registers to remove the reset or use a synchronous reset to get the best optimization for performance, power and area.
Related violations: <none>

DPIR-1#104 Warning
Asynchronous driver check  
DSP result0__1 input pin result0__1/A[16] is connected to registers with an asynchronous reset. This is preventing the possibility of merging these registers in to the DSP Block since the DSP block registers only possess synchronous reset capability.  It is suggested to recode or change these registers to remove the reset or use a synchronous reset to get the best optimization for performance, power and area.
Related violations: <none>

DPIR-1#105 Warning
Asynchronous driver check  
DSP result0__1 input pin result0__1/A[17] is connected to registers with an asynchronous reset. This is preventing the possibility of merging these registers in to the DSP Block since the DSP block registers only possess synchronous reset capability.  It is suggested to recode or change these registers to remove the reset or use a synchronous reset to get the best optimization for performance, power and area.
Related violations: <none>

DPIR-1#106 Warning
Asynchronous driver check  
DSP result0__1 input pin result0__1/A[18] is connected to registers with an asynchronous reset. This is preventing the possibility of merging these registers in to the DSP Block since the DSP block registers only possess synchronous reset capability.  It is suggested to recode or change these registers to remove the reset or use a synchronous reset to get the best optimization for performance, power and area.
Related violations: <none>

DPIR-1#107 Warning
Asynchronous driver check  
DSP result0__1 input pin result0__1/A[19] is connected to registers with an asynchronous reset. This is preventing the possibility of merging these registers in to the DSP Block since the DSP block registers only possess synchronous reset capability.  It is suggested to recode or change these registers to remove the reset or use a synchronous reset to get the best optimization for performance, power and area.
Related violations: <none>

DPIR-1#108 Warning
Asynchronous driver check  
DSP result0__1 input pin result0__1/A[1] is connected to registers with an asynchronous reset. This is preventing the possibility of merging these registers in to the DSP Block since the DSP block registers only possess synchronous reset capability.  It is suggested to recode or change these registers to remove the reset or use a synchronous reset to get the best optimization for performance, power and area.
Related violations: <none>

DPIR-1#109 Warning
Asynchronous driver check  
DSP result0__1 input pin result0__1/A[20] is connected to registers with an asynchronous reset. This is preventing the possibility of merging these registers in to the DSP Block since the DSP block registers only possess synchronous reset capability.  It is suggested to recode or change these registers to remove the reset or use a synchronous reset to get the best optimization for performance, power and area.
Related violations: <none>

DPIR-1#110 Warning
Asynchronous driver check  
DSP result0__1 input pin result0__1/A[21] is connected to registers with an asynchronous reset. This is preventing the possibility of merging these registers in to the DSP Block since the DSP block registers only possess synchronous reset capability.  It is suggested to recode or change these registers to remove the reset or use a synchronous reset to get the best optimization for performance, power and area.
Related violations: <none>

DPIR-1#111 Warning
Asynchronous driver check  
DSP result0__1 input pin result0__1/A[22] is connected to registers with an asynchronous reset. This is preventing the possibility of merging these registers in to the DSP Block since the DSP block registers only possess synchronous reset capability.  It is suggested to recode or change these registers to remove the reset or use a synchronous reset to get the best optimization for performance, power and area.
Related violations: <none>

DPIR-1#112 Warning
Asynchronous driver check  
DSP result0__1 input pin result0__1/A[23] is connected to registers with an asynchronous reset. This is preventing the possibility of merging these registers in to the DSP Block since the DSP block registers only possess synchronous reset capability.  It is suggested to recode or change these registers to remove the reset or use a synchronous reset to get the best optimization for performance, power and area.
Related violations: <none>

DPIR-1#113 Warning
Asynchronous driver check  
DSP result0__1 input pin result0__1/A[24] is connected to registers with an asynchronous reset. This is preventing the possibility of merging these registers in to the DSP Block since the DSP block registers only possess synchronous reset capability.  It is suggested to recode or change these registers to remove the reset or use a synchronous reset to get the best optimization for performance, power and area.
Related violations: <none>

DPIR-1#114 Warning
Asynchronous driver check  
DSP result0__1 input pin result0__1/A[25] is connected to registers with an asynchronous reset. This is preventing the possibility of merging these registers in to the DSP Block since the DSP block registers only possess synchronous reset capability.  It is suggested to recode or change these registers to remove the reset or use a synchronous reset to get the best optimization for performance, power and area.
Related violations: <none>

DPIR-1#115 Warning
Asynchronous driver check  
DSP result0__1 input pin result0__1/A[26] is connected to registers with an asynchronous reset. This is preventing the possibility of merging these registers in to the DSP Block since the DSP block registers only possess synchronous reset capability.  It is suggested to recode or change these registers to remove the reset or use a synchronous reset to get the best optimization for performance, power and area.
Related violations: <none>

DPIR-1#116 Warning
Asynchronous driver check  
DSP result0__1 input pin result0__1/A[27] is connected to registers with an asynchronous reset. This is preventing the possibility of merging these registers in to the DSP Block since the DSP block registers only possess synchronous reset capability.  It is suggested to recode or change these registers to remove the reset or use a synchronous reset to get the best optimization for performance, power and area.
Related violations: <none>

DPIR-1#117 Warning
Asynchronous driver check  
DSP result0__1 input pin result0__1/A[28] is connected to registers with an asynchronous reset. This is preventing the possibility of merging these registers in to the DSP Block since the DSP block registers only possess synchronous reset capability.  It is suggested to recode or change these registers to remove the reset or use a synchronous reset to get the best optimization for performance, power and area.
Related violations: <none>

DPIR-1#118 Warning
Asynchronous driver check  
DSP result0__1 input pin result0__1/A[29] is connected to registers with an asynchronous reset. This is preventing the possibility of merging these registers in to the DSP Block since the DSP block registers only possess synchronous reset capability.  It is suggested to recode or change these registers to remove the reset or use a synchronous reset to get the best optimization for performance, power and area.
Related violations: <none>

DPIR-1#119 Warning
Asynchronous driver check  
DSP result0__1 input pin result0__1/A[2] is connected to registers with an asynchronous reset. This is preventing the possibility of merging these registers in to the DSP Block since the DSP block registers only possess synchronous reset capability.  It is suggested to recode or change these registers to remove the reset or use a synchronous reset to get the best optimization for performance, power and area.
Related violations: <none>

DPIR-1#120 Warning
Asynchronous driver check  
DSP result0__1 input pin result0__1/A[3] is connected to registers with an asynchronous reset. This is preventing the possibility of merging these registers in to the DSP Block since the DSP block registers only possess synchronous reset capability.  It is suggested to recode or change these registers to remove the reset or use a synchronous reset to get the best optimization for performance, power and area.
Related violations: <none>

DPIR-1#121 Warning
Asynchronous driver check  
DSP result0__1 input pin result0__1/A[4] is connected to registers with an asynchronous reset. This is preventing the possibility of merging these registers in to the DSP Block since the DSP block registers only possess synchronous reset capability.  It is suggested to recode or change these registers to remove the reset or use a synchronous reset to get the best optimization for performance, power and area.
Related violations: <none>

DPIR-1#122 Warning
Asynchronous driver check  
DSP result0__1 input pin result0__1/A[5] is connected to registers with an asynchronous reset. This is preventing the possibility of merging these registers in to the DSP Block since the DSP block registers only possess synchronous reset capability.  It is suggested to recode or change these registers to remove the reset or use a synchronous reset to get the best optimization for performance, power and area.
Related violations: <none>

DPIR-1#123 Warning
Asynchronous driver check  
DSP result0__1 input pin result0__1/A[6] is connected to registers with an asynchronous reset. This is preventing the possibility of merging these registers in to the DSP Block since the DSP block registers only possess synchronous reset capability.  It is suggested to recode or change these registers to remove the reset or use a synchronous reset to get the best optimization for performance, power and area.
Related violations: <none>

DPIR-1#124 Warning
Asynchronous driver check  
DSP result0__1 input pin result0__1/A[7] is connected to registers with an asynchronous reset. This is preventing the possibility of merging these registers in to the DSP Block since the DSP block registers only possess synchronous reset capability.  It is suggested to recode or change these registers to remove the reset or use a synchronous reset to get the best optimization for performance, power and area.
Related violations: <none>

DPIR-1#125 Warning
Asynchronous driver check  
DSP result0__1 input pin result0__1/A[8] is connected to registers with an asynchronous reset. This is preventing the possibility of merging these registers in to the DSP Block since the DSP block registers only possess synchronous reset capability.  It is suggested to recode or change these registers to remove the reset or use a synchronous reset to get the best optimization for performance, power and area.
Related violations: <none>

DPIR-1#126 Warning
Asynchronous driver check  
DSP result0__1 input pin result0__1/A[9] is connected to registers with an asynchronous reset. This is preventing the possibility of merging these registers in to the DSP Block since the DSP block registers only possess synchronous reset capability.  It is suggested to recode or change these registers to remove the reset or use a synchronous reset to get the best optimization for performance, power and area.
Related violations: <none>

DPIR-1#127 Warning
Asynchronous driver check  
DSP result0__1 input pin result0__1/B[0] is connected to registers with an asynchronous reset. This is preventing the possibility of merging these registers in to the DSP Block since the DSP block registers only possess synchronous reset capability.  It is suggested to recode or change these registers to remove the reset or use a synchronous reset to get the best optimization for performance, power and area.
Related violations: <none>

DPIR-1#128 Warning
Asynchronous driver check  
DSP result0__1 input pin result0__1/B[10] is connected to registers with an asynchronous reset. This is preventing the possibility of merging these registers in to the DSP Block since the DSP block registers only possess synchronous reset capability.  It is suggested to recode or change these registers to remove the reset or use a synchronous reset to get the best optimization for performance, power and area.
Related violations: <none>

DPIR-1#129 Warning
Asynchronous driver check  
DSP result0__1 input pin result0__1/B[11] is connected to registers with an asynchronous reset. This is preventing the possibility of merging these registers in to the DSP Block since the DSP block registers only possess synchronous reset capability.  It is suggested to recode or change these registers to remove the reset or use a synchronous reset to get the best optimization for performance, power and area.
Related violations: <none>

DPIR-1#130 Warning
Asynchronous driver check  
DSP result0__1 input pin result0__1/B[12] is connected to registers with an asynchronous reset. This is preventing the possibility of merging these registers in to the DSP Block since the DSP block registers only possess synchronous reset capability.  It is suggested to recode or change these registers to remove the reset or use a synchronous reset to get the best optimization for performance, power and area.
Related violations: <none>

DPIR-1#131 Warning
Asynchronous driver check  
DSP result0__1 input pin result0__1/B[13] is connected to registers with an asynchronous reset. This is preventing the possibility of merging these registers in to the DSP Block since the DSP block registers only possess synchronous reset capability.  It is suggested to recode or change these registers to remove the reset or use a synchronous reset to get the best optimization for performance, power and area.
Related violations: <none>

DPIR-1#132 Warning
Asynchronous driver check  
DSP result0__1 input pin result0__1/B[14] is connected to registers with an asynchronous reset. This is preventing the possibility of merging these registers in to the DSP Block since the DSP block registers only possess synchronous reset capability.  It is suggested to recode or change these registers to remove the reset or use a synchronous reset to get the best optimization for performance, power and area.
Related violations: <none>

DPIR-1#133 Warning
Asynchronous driver check  
DSP result0__1 input pin result0__1/B[15] is connected to registers with an asynchronous reset. This is preventing the possibility of merging these registers in to the DSP Block since the DSP block registers only possess synchronous reset capability.  It is suggested to recode or change these registers to remove the reset or use a synchronous reset to get the best optimization for performance, power and area.
Related violations: <none>

DPIR-1#134 Warning
Asynchronous driver check  
DSP result0__1 input pin result0__1/B[16] is connected to registers with an asynchronous reset. This is preventing the possibility of merging these registers in to the DSP Block since the DSP block registers only possess synchronous reset capability.  It is suggested to recode or change these registers to remove the reset or use a synchronous reset to get the best optimization for performance, power and area.
Related violations: <none>

DPIR-1#135 Warning
Asynchronous driver check  
DSP result0__1 input pin result0__1/B[17] is connected to registers with an asynchronous reset. This is preventing the possibility of merging these registers in to the DSP Block since the DSP block registers only possess synchronous reset capability.  It is suggested to recode or change these registers to remove the reset or use a synchronous reset to get the best optimization for performance, power and area.
Related violations: <none>

DPIR-1#136 Warning
Asynchronous driver check  
DSP result0__1 input pin result0__1/B[1] is connected to registers with an asynchronous reset. This is preventing the possibility of merging these registers in to the DSP Block since the DSP block registers only possess synchronous reset capability.  It is suggested to recode or change these registers to remove the reset or use a synchronous reset to get the best optimization for performance, power and area.
Related violations: <none>

DPIR-1#137 Warning
Asynchronous driver check  
DSP result0__1 input pin result0__1/B[2] is connected to registers with an asynchronous reset. This is preventing the possibility of merging these registers in to the DSP Block since the DSP block registers only possess synchronous reset capability.  It is suggested to recode or change these registers to remove the reset or use a synchronous reset to get the best optimization for performance, power and area.
Related violations: <none>

DPIR-1#138 Warning
Asynchronous driver check  
DSP result0__1 input pin result0__1/B[3] is connected to registers with an asynchronous reset. This is preventing the possibility of merging these registers in to the DSP Block since the DSP block registers only possess synchronous reset capability.  It is suggested to recode or change these registers to remove the reset or use a synchronous reset to get the best optimization for performance, power and area.
Related violations: <none>

DPIR-1#139 Warning
Asynchronous driver check  
DSP result0__1 input pin result0__1/B[4] is connected to registers with an asynchronous reset. This is preventing the possibility of merging these registers in to the DSP Block since the DSP block registers only possess synchronous reset capability.  It is suggested to recode or change these registers to remove the reset or use a synchronous reset to get the best optimization for performance, power and area.
Related violations: <none>

DPIR-1#140 Warning
Asynchronous driver check  
DSP result0__1 input pin result0__1/B[5] is connected to registers with an asynchronous reset. This is preventing the possibility of merging these registers in to the DSP Block since the DSP block registers only possess synchronous reset capability.  It is suggested to recode or change these registers to remove the reset or use a synchronous reset to get the best optimization for performance, power and area.
Related violations: <none>

DPIR-1#141 Warning
Asynchronous driver check  
DSP result0__1 input pin result0__1/B[6] is connected to registers with an asynchronous reset. This is preventing the possibility of merging these registers in to the DSP Block since the DSP block registers only possess synchronous reset capability.  It is suggested to recode or change these registers to remove the reset or use a synchronous reset to get the best optimization for performance, power and area.
Related violations: <none>

DPIR-1#142 Warning
Asynchronous driver check  
DSP result0__1 input pin result0__1/B[7] is connected to registers with an asynchronous reset. This is preventing the possibility of merging these registers in to the DSP Block since the DSP block registers only possess synchronous reset capability.  It is suggested to recode or change these registers to remove the reset or use a synchronous reset to get the best optimization for performance, power and area.
Related violations: <none>

DPIR-1#143 Warning
Asynchronous driver check  
DSP result0__1 input pin result0__1/B[8] is connected to registers with an asynchronous reset. This is preventing the possibility of merging these registers in to the DSP Block since the DSP block registers only possess synchronous reset capability.  It is suggested to recode or change these registers to remove the reset or use a synchronous reset to get the best optimization for performance, power and area.
Related violations: <none>

DPIR-1#144 Warning
Asynchronous driver check  
DSP result0__1 input pin result0__1/B[9] is connected to registers with an asynchronous reset. This is preventing the possibility of merging these registers in to the DSP Block since the DSP block registers only possess synchronous reset capability.  It is suggested to recode or change these registers to remove the reset or use a synchronous reset to get the best optimization for performance, power and area.
Related violations: <none>

DPIR-1#145 Warning
Asynchronous driver check  
DSP result1 input pin result1/A[0] is connected to registers with an asynchronous reset. This is preventing the possibility of merging these registers in to the DSP Block since the DSP block registers only possess synchronous reset capability.  It is suggested to recode or change these registers to remove the reset or use a synchronous reset to get the best optimization for performance, power and area.
Related violations: <none>

DPIR-1#146 Warning
Asynchronous driver check  
DSP result1 input pin result1/A[10] is connected to registers with an asynchronous reset. This is preventing the possibility of merging these registers in to the DSP Block since the DSP block registers only possess synchronous reset capability.  It is suggested to recode or change these registers to remove the reset or use a synchronous reset to get the best optimization for performance, power and area.
Related violations: <none>

DPIR-1#147 Warning
Asynchronous driver check  
DSP result1 input pin result1/A[11] is connected to registers with an asynchronous reset. This is preventing the possibility of merging these registers in to the DSP Block since the DSP block registers only possess synchronous reset capability.  It is suggested to recode or change these registers to remove the reset or use a synchronous reset to get the best optimization for performance, power and area.
Related violations: <none>

DPIR-1#148 Warning
Asynchronous driver check  
DSP result1 input pin result1/A[12] is connected to registers with an asynchronous reset. This is preventing the possibility of merging these registers in to the DSP Block since the DSP block registers only possess synchronous reset capability.  It is suggested to recode or change these registers to remove the reset or use a synchronous reset to get the best optimization for performance, power and area.
Related violations: <none>

DPIR-1#149 Warning
Asynchronous driver check  
DSP result1 input pin result1/A[13] is connected to registers with an asynchronous reset. This is preventing the possibility of merging these registers in to the DSP Block since the DSP block registers only possess synchronous reset capability.  It is suggested to recode or change these registers to remove the reset or use a synchronous reset to get the best optimization for performance, power and area.
Related violations: <none>

DPIR-1#150 Warning
Asynchronous driver check  
DSP result1 input pin result1/A[14] is connected to registers with an asynchronous reset. This is preventing the possibility of merging these registers in to the DSP Block since the DSP block registers only possess synchronous reset capability.  It is suggested to recode or change these registers to remove the reset or use a synchronous reset to get the best optimization for performance, power and area.
Related violations: <none>

DPIR-1#151 Warning
Asynchronous driver check  
DSP result1 input pin result1/A[15] is connected to registers with an asynchronous reset. This is preventing the possibility of merging these registers in to the DSP Block since the DSP block registers only possess synchronous reset capability.  It is suggested to recode or change these registers to remove the reset or use a synchronous reset to get the best optimization for performance, power and area.
Related violations: <none>

DPIR-1#152 Warning
Asynchronous driver check  
DSP result1 input pin result1/A[16] is connected to registers with an asynchronous reset. This is preventing the possibility of merging these registers in to the DSP Block since the DSP block registers only possess synchronous reset capability.  It is suggested to recode or change these registers to remove the reset or use a synchronous reset to get the best optimization for performance, power and area.
Related violations: <none>

DPIR-1#153 Warning
Asynchronous driver check  
DSP result1 input pin result1/A[17] is connected to registers with an asynchronous reset. This is preventing the possibility of merging these registers in to the DSP Block since the DSP block registers only possess synchronous reset capability.  It is suggested to recode or change these registers to remove the reset or use a synchronous reset to get the best optimization for performance, power and area.
Related violations: <none>

DPIR-1#154 Warning
Asynchronous driver check  
DSP result1 input pin result1/A[18] is connected to registers with an asynchronous reset. This is preventing the possibility of merging these registers in to the DSP Block since the DSP block registers only possess synchronous reset capability.  It is suggested to recode or change these registers to remove the reset or use a synchronous reset to get the best optimization for performance, power and area.
Related violations: <none>

DPIR-1#155 Warning
Asynchronous driver check  
DSP result1 input pin result1/A[19] is connected to registers with an asynchronous reset. This is preventing the possibility of merging these registers in to the DSP Block since the DSP block registers only possess synchronous reset capability.  It is suggested to recode or change these registers to remove the reset or use a synchronous reset to get the best optimization for performance, power and area.
Related violations: <none>

DPIR-1#156 Warning
Asynchronous driver check  
DSP result1 input pin result1/A[1] is connected to registers with an asynchronous reset. This is preventing the possibility of merging these registers in to the DSP Block since the DSP block registers only possess synchronous reset capability.  It is suggested to recode or change these registers to remove the reset or use a synchronous reset to get the best optimization for performance, power and area.
Related violations: <none>

DPIR-1#157 Warning
Asynchronous driver check  
DSP result1 input pin result1/A[20] is connected to registers with an asynchronous reset. This is preventing the possibility of merging these registers in to the DSP Block since the DSP block registers only possess synchronous reset capability.  It is suggested to recode or change these registers to remove the reset or use a synchronous reset to get the best optimization for performance, power and area.
Related violations: <none>

DPIR-1#158 Warning
Asynchronous driver check  
DSP result1 input pin result1/A[21] is connected to registers with an asynchronous reset. This is preventing the possibility of merging these registers in to the DSP Block since the DSP block registers only possess synchronous reset capability.  It is suggested to recode or change these registers to remove the reset or use a synchronous reset to get the best optimization for performance, power and area.
Related violations: <none>

DPIR-1#159 Warning
Asynchronous driver check  
DSP result1 input pin result1/A[22] is connected to registers with an asynchronous reset. This is preventing the possibility of merging these registers in to the DSP Block since the DSP block registers only possess synchronous reset capability.  It is suggested to recode or change these registers to remove the reset or use a synchronous reset to get the best optimization for performance, power and area.
Related violations: <none>

DPIR-1#160 Warning
Asynchronous driver check  
DSP result1 input pin result1/A[23] is connected to registers with an asynchronous reset. This is preventing the possibility of merging these registers in to the DSP Block since the DSP block registers only possess synchronous reset capability.  It is suggested to recode or change these registers to remove the reset or use a synchronous reset to get the best optimization for performance, power and area.
Related violations: <none>

DPIR-1#161 Warning
Asynchronous driver check  
DSP result1 input pin result1/A[24] is connected to registers with an asynchronous reset. This is preventing the possibility of merging these registers in to the DSP Block since the DSP block registers only possess synchronous reset capability.  It is suggested to recode or change these registers to remove the reset or use a synchronous reset to get the best optimization for performance, power and area.
Related violations: <none>

DPIR-1#162 Warning
Asynchronous driver check  
DSP result1 input pin result1/A[25] is connected to registers with an asynchronous reset. This is preventing the possibility of merging these registers in to the DSP Block since the DSP block registers only possess synchronous reset capability.  It is suggested to recode or change these registers to remove the reset or use a synchronous reset to get the best optimization for performance, power and area.
Related violations: <none>

DPIR-1#163 Warning
Asynchronous driver check  
DSP result1 input pin result1/A[26] is connected to registers with an asynchronous reset. This is preventing the possibility of merging these registers in to the DSP Block since the DSP block registers only possess synchronous reset capability.  It is suggested to recode or change these registers to remove the reset or use a synchronous reset to get the best optimization for performance, power and area.
Related violations: <none>

DPIR-1#164 Warning
Asynchronous driver check  
DSP result1 input pin result1/A[27] is connected to registers with an asynchronous reset. This is preventing the possibility of merging these registers in to the DSP Block since the DSP block registers only possess synchronous reset capability.  It is suggested to recode or change these registers to remove the reset or use a synchronous reset to get the best optimization for performance, power and area.
Related violations: <none>

DPIR-1#165 Warning
Asynchronous driver check  
DSP result1 input pin result1/A[28] is connected to registers with an asynchronous reset. This is preventing the possibility of merging these registers in to the DSP Block since the DSP block registers only possess synchronous reset capability.  It is suggested to recode or change these registers to remove the reset or use a synchronous reset to get the best optimization for performance, power and area.
Related violations: <none>

DPIR-1#166 Warning
Asynchronous driver check  
DSP result1 input pin result1/A[29] is connected to registers with an asynchronous reset. This is preventing the possibility of merging these registers in to the DSP Block since the DSP block registers only possess synchronous reset capability.  It is suggested to recode or change these registers to remove the reset or use a synchronous reset to get the best optimization for performance, power and area.
Related violations: <none>

DPIR-1#167 Warning
Asynchronous driver check  
DSP result1 input pin result1/A[2] is connected to registers with an asynchronous reset. This is preventing the possibility of merging these registers in to the DSP Block since the DSP block registers only possess synchronous reset capability.  It is suggested to recode or change these registers to remove the reset or use a synchronous reset to get the best optimization for performance, power and area.
Related violations: <none>

DPIR-1#168 Warning
Asynchronous driver check  
DSP result1 input pin result1/A[3] is connected to registers with an asynchronous reset. This is preventing the possibility of merging these registers in to the DSP Block since the DSP block registers only possess synchronous reset capability.  It is suggested to recode or change these registers to remove the reset or use a synchronous reset to get the best optimization for performance, power and area.
Related violations: <none>

DPIR-1#169 Warning
Asynchronous driver check  
DSP result1 input pin result1/A[4] is connected to registers with an asynchronous reset. This is preventing the possibility of merging these registers in to the DSP Block since the DSP block registers only possess synchronous reset capability.  It is suggested to recode or change these registers to remove the reset or use a synchronous reset to get the best optimization for performance, power and area.
Related violations: <none>

DPIR-1#170 Warning
Asynchronous driver check  
DSP result1 input pin result1/A[5] is connected to registers with an asynchronous reset. This is preventing the possibility of merging these registers in to the DSP Block since the DSP block registers only possess synchronous reset capability.  It is suggested to recode or change these registers to remove the reset or use a synchronous reset to get the best optimization for performance, power and area.
Related violations: <none>

DPIR-1#171 Warning
Asynchronous driver check  
DSP result1 input pin result1/A[6] is connected to registers with an asynchronous reset. This is preventing the possibility of merging these registers in to the DSP Block since the DSP block registers only possess synchronous reset capability.  It is suggested to recode or change these registers to remove the reset or use a synchronous reset to get the best optimization for performance, power and area.
Related violations: <none>

DPIR-1#172 Warning
Asynchronous driver check  
DSP result1 input pin result1/A[7] is connected to registers with an asynchronous reset. This is preventing the possibility of merging these registers in to the DSP Block since the DSP block registers only possess synchronous reset capability.  It is suggested to recode or change these registers to remove the reset or use a synchronous reset to get the best optimization for performance, power and area.
Related violations: <none>

DPIR-1#173 Warning
Asynchronous driver check  
DSP result1 input pin result1/A[8] is connected to registers with an asynchronous reset. This is preventing the possibility of merging these registers in to the DSP Block since the DSP block registers only possess synchronous reset capability.  It is suggested to recode or change these registers to remove the reset or use a synchronous reset to get the best optimization for performance, power and area.
Related violations: <none>

DPIR-1#174 Warning
Asynchronous driver check  
DSP result1 input pin result1/A[9] is connected to registers with an asynchronous reset. This is preventing the possibility of merging these registers in to the DSP Block since the DSP block registers only possess synchronous reset capability.  It is suggested to recode or change these registers to remove the reset or use a synchronous reset to get the best optimization for performance, power and area.
Related violations: <none>

DPIR-1#175 Warning
Asynchronous driver check  
DSP result1 input pin result1/B[0] is connected to registers with an asynchronous reset. This is preventing the possibility of merging these registers in to the DSP Block since the DSP block registers only possess synchronous reset capability.  It is suggested to recode or change these registers to remove the reset or use a synchronous reset to get the best optimization for performance, power and area.
Related violations: <none>

DPIR-1#176 Warning
Asynchronous driver check  
DSP result1 input pin result1/B[10] is connected to registers with an asynchronous reset. This is preventing the possibility of merging these registers in to the DSP Block since the DSP block registers only possess synchronous reset capability.  It is suggested to recode or change these registers to remove the reset or use a synchronous reset to get the best optimization for performance, power and area.
Related violations: <none>

DPIR-1#177 Warning
Asynchronous driver check  
DSP result1 input pin result1/B[11] is connected to registers with an asynchronous reset. This is preventing the possibility of merging these registers in to the DSP Block since the DSP block registers only possess synchronous reset capability.  It is suggested to recode or change these registers to remove the reset or use a synchronous reset to get the best optimization for performance, power and area.
Related violations: <none>

DPIR-1#178 Warning
Asynchronous driver check  
DSP result1 input pin result1/B[12] is connected to registers with an asynchronous reset. This is preventing the possibility of merging these registers in to the DSP Block since the DSP block registers only possess synchronous reset capability.  It is suggested to recode or change these registers to remove the reset or use a synchronous reset to get the best optimization for performance, power and area.
Related violations: <none>

DPIR-1#179 Warning
Asynchronous driver check  
DSP result1 input pin result1/B[13] is connected to registers with an asynchronous reset. This is preventing the possibility of merging these registers in to the DSP Block since the DSP block registers only possess synchronous reset capability.  It is suggested to recode or change these registers to remove the reset or use a synchronous reset to get the best optimization for performance, power and area.
Related violations: <none>

DPIR-1#180 Warning
Asynchronous driver check  
DSP result1 input pin result1/B[14] is connected to registers with an asynchronous reset. This is preventing the possibility of merging these registers in to the DSP Block since the DSP block registers only possess synchronous reset capability.  It is suggested to recode or change these registers to remove the reset or use a synchronous reset to get the best optimization for performance, power and area.
Related violations: <none>

DPIR-1#181 Warning
Asynchronous driver check  
DSP result1 input pin result1/B[15] is connected to registers with an asynchronous reset. This is preventing the possibility of merging these registers in to the DSP Block since the DSP block registers only possess synchronous reset capability.  It is suggested to recode or change these registers to remove the reset or use a synchronous reset to get the best optimization for performance, power and area.
Related violations: <none>

DPIR-1#182 Warning
Asynchronous driver check  
DSP result1 input pin result1/B[16] is connected to registers with an asynchronous reset. This is preventing the possibility of merging these registers in to the DSP Block since the DSP block registers only possess synchronous reset capability.  It is suggested to recode or change these registers to remove the reset or use a synchronous reset to get the best optimization for performance, power and area.
Related violations: <none>

DPIR-1#183 Warning
Asynchronous driver check  
DSP result1 input pin result1/B[17] is connected to registers with an asynchronous reset. This is preventing the possibility of merging these registers in to the DSP Block since the DSP block registers only possess synchronous reset capability.  It is suggested to recode or change these registers to remove the reset or use a synchronous reset to get the best optimization for performance, power and area.
Related violations: <none>

DPIR-1#184 Warning
Asynchronous driver check  
DSP result1 input pin result1/B[1] is connected to registers with an asynchronous reset. This is preventing the possibility of merging these registers in to the DSP Block since the DSP block registers only possess synchronous reset capability.  It is suggested to recode or change these registers to remove the reset or use a synchronous reset to get the best optimization for performance, power and area.
Related violations: <none>

DPIR-1#185 Warning
Asynchronous driver check  
DSP result1 input pin result1/B[2] is connected to registers with an asynchronous reset. This is preventing the possibility of merging these registers in to the DSP Block since the DSP block registers only possess synchronous reset capability.  It is suggested to recode or change these registers to remove the reset or use a synchronous reset to get the best optimization for performance, power and area.
Related violations: <none>

DPIR-1#186 Warning
Asynchronous driver check  
DSP result1 input pin result1/B[3] is connected to registers with an asynchronous reset. This is preventing the possibility of merging these registers in to the DSP Block since the DSP block registers only possess synchronous reset capability.  It is suggested to recode or change these registers to remove the reset or use a synchronous reset to get the best optimization for performance, power and area.
Related violations: <none>

DPIR-1#187 Warning
Asynchronous driver check  
DSP result1 input pin result1/B[4] is connected to registers with an asynchronous reset. This is preventing the possibility of merging these registers in to the DSP Block since the DSP block registers only possess synchronous reset capability.  It is suggested to recode or change these registers to remove the reset or use a synchronous reset to get the best optimization for performance, power and area.
Related violations: <none>

DPIR-1#188 Warning
Asynchronous driver check  
DSP result1 input pin result1/B[5] is connected to registers with an asynchronous reset. This is preventing the possibility of merging these registers in to the DSP Block since the DSP block registers only possess synchronous reset capability.  It is suggested to recode or change these registers to remove the reset or use a synchronous reset to get the best optimization for performance, power and area.
Related violations: <none>

DPIR-1#189 Warning
Asynchronous driver check  
DSP result1 input pin result1/B[6] is connected to registers with an asynchronous reset. This is preventing the possibility of merging these registers in to the DSP Block since the DSP block registers only possess synchronous reset capability.  It is suggested to recode or change these registers to remove the reset or use a synchronous reset to get the best optimization for performance, power and area.
Related violations: <none>

DPIR-1#190 Warning
Asynchronous driver check  
DSP result1 input pin result1/B[7] is connected to registers with an asynchronous reset. This is preventing the possibility of merging these registers in to the DSP Block since the DSP block registers only possess synchronous reset capability.  It is suggested to recode or change these registers to remove the reset or use a synchronous reset to get the best optimization for performance, power and area.
Related violations: <none>

DPIR-1#191 Warning
Asynchronous driver check  
DSP result1 input pin result1/B[8] is connected to registers with an asynchronous reset. This is preventing the possibility of merging these registers in to the DSP Block since the DSP block registers only possess synchronous reset capability.  It is suggested to recode or change these registers to remove the reset or use a synchronous reset to get the best optimization for performance, power and area.
Related violations: <none>

DPIR-1#192 Warning
Asynchronous driver check  
DSP result1 input pin result1/B[9] is connected to registers with an asynchronous reset. This is preventing the possibility of merging these registers in to the DSP Block since the DSP block registers only possess synchronous reset capability.  It is suggested to recode or change these registers to remove the reset or use a synchronous reset to get the best optimization for performance, power and area.
Related violations: <none>

TIMING-16#1 Warning
Large setup violation  
There is a large setup violation of -3.334 ns between x3_reg_reg[15]/C (clocked by sys_clk) and result0__1/PCIN[0] (clocked by sys_clk). Large setup violations at the end of those stages might be difficult to fix during the post-placement implementation flow and could be the result of non-optimal XDC constraints or non-optimal design architecture
Related violations: <none>

TIMING-16#2 Warning
Large setup violation  
There is a large setup violation of -3.334 ns between x3_reg_reg[15]/C (clocked by sys_clk) and result0__1/PCIN[10] (clocked by sys_clk). Large setup violations at the end of those stages might be difficult to fix during the post-placement implementation flow and could be the result of non-optimal XDC constraints or non-optimal design architecture
Related violations: <none>

TIMING-16#3 Warning
Large setup violation  
There is a large setup violation of -3.334 ns between x3_reg_reg[15]/C (clocked by sys_clk) and result0__1/PCIN[11] (clocked by sys_clk). Large setup violations at the end of those stages might be difficult to fix during the post-placement implementation flow and could be the result of non-optimal XDC constraints or non-optimal design architecture
Related violations: <none>

TIMING-16#4 Warning
Large setup violation  
There is a large setup violation of -3.334 ns between x3_reg_reg[15]/C (clocked by sys_clk) and result0__1/PCIN[12] (clocked by sys_clk). Large setup violations at the end of those stages might be difficult to fix during the post-placement implementation flow and could be the result of non-optimal XDC constraints or non-optimal design architecture
Related violations: <none>

TIMING-16#5 Warning
Large setup violation  
There is a large setup violation of -3.334 ns between x3_reg_reg[15]/C (clocked by sys_clk) and result0__1/PCIN[13] (clocked by sys_clk). Large setup violations at the end of those stages might be difficult to fix during the post-placement implementation flow and could be the result of non-optimal XDC constraints or non-optimal design architecture
Related violations: <none>

TIMING-16#6 Warning
Large setup violation  
There is a large setup violation of -3.334 ns between x3_reg_reg[15]/C (clocked by sys_clk) and result0__1/PCIN[14] (clocked by sys_clk). Large setup violations at the end of those stages might be difficult to fix during the post-placement implementation flow and could be the result of non-optimal XDC constraints or non-optimal design architecture
Related violations: <none>

TIMING-16#7 Warning
Large setup violation  
There is a large setup violation of -3.334 ns between x3_reg_reg[15]/C (clocked by sys_clk) and result0__1/PCIN[15] (clocked by sys_clk). Large setup violations at the end of those stages might be difficult to fix during the post-placement implementation flow and could be the result of non-optimal XDC constraints or non-optimal design architecture
Related violations: <none>

TIMING-16#8 Warning
Large setup violation  
There is a large setup violation of -3.334 ns between x3_reg_reg[15]/C (clocked by sys_clk) and result0__1/PCIN[16] (clocked by sys_clk). Large setup violations at the end of those stages might be difficult to fix during the post-placement implementation flow and could be the result of non-optimal XDC constraints or non-optimal design architecture
Related violations: <none>

TIMING-16#9 Warning
Large setup violation  
There is a large setup violation of -3.334 ns between x3_reg_reg[15]/C (clocked by sys_clk) and result0__1/PCIN[17] (clocked by sys_clk). Large setup violations at the end of those stages might be difficult to fix during the post-placement implementation flow and could be the result of non-optimal XDC constraints or non-optimal design architecture
Related violations: <none>

TIMING-16#10 Warning
Large setup violation  
There is a large setup violation of -3.334 ns between x3_reg_reg[15]/C (clocked by sys_clk) and result0__1/PCIN[18] (clocked by sys_clk). Large setup violations at the end of those stages might be difficult to fix during the post-placement implementation flow and could be the result of non-optimal XDC constraints or non-optimal design architecture
Related violations: <none>

TIMING-16#11 Warning
Large setup violation  
There is a large setup violation of -3.334 ns between x3_reg_reg[15]/C (clocked by sys_clk) and result0__1/PCIN[19] (clocked by sys_clk). Large setup violations at the end of those stages might be difficult to fix during the post-placement implementation flow and could be the result of non-optimal XDC constraints or non-optimal design architecture
Related violations: <none>

TIMING-16#12 Warning
Large setup violation  
There is a large setup violation of -3.334 ns between x3_reg_reg[15]/C (clocked by sys_clk) and result0__1/PCIN[1] (clocked by sys_clk). Large setup violations at the end of those stages might be difficult to fix during the post-placement implementation flow and could be the result of non-optimal XDC constraints or non-optimal design architecture
Related violations: <none>

TIMING-16#13 Warning
Large setup violation  
There is a large setup violation of -3.334 ns between x3_reg_reg[15]/C (clocked by sys_clk) and result0__1/PCIN[20] (clocked by sys_clk). Large setup violations at the end of those stages might be difficult to fix during the post-placement implementation flow and could be the result of non-optimal XDC constraints or non-optimal design architecture
Related violations: <none>

TIMING-16#14 Warning
Large setup violation  
There is a large setup violation of -3.334 ns between x3_reg_reg[15]/C (clocked by sys_clk) and result0__1/PCIN[21] (clocked by sys_clk). Large setup violations at the end of those stages might be difficult to fix during the post-placement implementation flow and could be the result of non-optimal XDC constraints or non-optimal design architecture
Related violations: <none>

TIMING-16#15 Warning
Large setup violation  
There is a large setup violation of -3.334 ns between x3_reg_reg[15]/C (clocked by sys_clk) and result0__1/PCIN[22] (clocked by sys_clk). Large setup violations at the end of those stages might be difficult to fix during the post-placement implementation flow and could be the result of non-optimal XDC constraints or non-optimal design architecture
Related violations: <none>

TIMING-16#16 Warning
Large setup violation  
There is a large setup violation of -3.334 ns between x3_reg_reg[15]/C (clocked by sys_clk) and result0__1/PCIN[23] (clocked by sys_clk). Large setup violations at the end of those stages might be difficult to fix during the post-placement implementation flow and could be the result of non-optimal XDC constraints or non-optimal design architecture
Related violations: <none>

TIMING-16#17 Warning
Large setup violation  
There is a large setup violation of -3.334 ns between x3_reg_reg[15]/C (clocked by sys_clk) and result0__1/PCIN[24] (clocked by sys_clk). Large setup violations at the end of those stages might be difficult to fix during the post-placement implementation flow and could be the result of non-optimal XDC constraints or non-optimal design architecture
Related violations: <none>

TIMING-16#18 Warning
Large setup violation  
There is a large setup violation of -3.334 ns between x3_reg_reg[15]/C (clocked by sys_clk) and result0__1/PCIN[25] (clocked by sys_clk). Large setup violations at the end of those stages might be difficult to fix during the post-placement implementation flow and could be the result of non-optimal XDC constraints or non-optimal design architecture
Related violations: <none>

TIMING-16#19 Warning
Large setup violation  
There is a large setup violation of -3.334 ns between x3_reg_reg[15]/C (clocked by sys_clk) and result0__1/PCIN[26] (clocked by sys_clk). Large setup violations at the end of those stages might be difficult to fix during the post-placement implementation flow and could be the result of non-optimal XDC constraints or non-optimal design architecture
Related violations: <none>

TIMING-16#20 Warning
Large setup violation  
There is a large setup violation of -3.334 ns between x3_reg_reg[15]/C (clocked by sys_clk) and result0__1/PCIN[27] (clocked by sys_clk). Large setup violations at the end of those stages might be difficult to fix during the post-placement implementation flow and could be the result of non-optimal XDC constraints or non-optimal design architecture
Related violations: <none>

TIMING-16#21 Warning
Large setup violation  
There is a large setup violation of -3.334 ns between x3_reg_reg[15]/C (clocked by sys_clk) and result0__1/PCIN[28] (clocked by sys_clk). Large setup violations at the end of those stages might be difficult to fix during the post-placement implementation flow and could be the result of non-optimal XDC constraints or non-optimal design architecture
Related violations: <none>

TIMING-16#22 Warning
Large setup violation  
There is a large setup violation of -3.334 ns between x3_reg_reg[15]/C (clocked by sys_clk) and result0__1/PCIN[29] (clocked by sys_clk). Large setup violations at the end of those stages might be difficult to fix during the post-placement implementation flow and could be the result of non-optimal XDC constraints or non-optimal design architecture
Related violations: <none>

TIMING-16#23 Warning
Large setup violation  
There is a large setup violation of -3.334 ns between x3_reg_reg[15]/C (clocked by sys_clk) and result0__1/PCIN[2] (clocked by sys_clk). Large setup violations at the end of those stages might be difficult to fix during the post-placement implementation flow and could be the result of non-optimal XDC constraints or non-optimal design architecture
Related violations: <none>

TIMING-16#24 Warning
Large setup violation  
There is a large setup violation of -3.334 ns between x3_reg_reg[15]/C (clocked by sys_clk) and result0__1/PCIN[30] (clocked by sys_clk). Large setup violations at the end of those stages might be difficult to fix during the post-placement implementation flow and could be the result of non-optimal XDC constraints or non-optimal design architecture
Related violations: <none>

TIMING-16#25 Warning
Large setup violation  
There is a large setup violation of -3.334 ns between x3_reg_reg[15]/C (clocked by sys_clk) and result0__1/PCIN[31] (clocked by sys_clk). Large setup violations at the end of those stages might be difficult to fix during the post-placement implementation flow and could be the result of non-optimal XDC constraints or non-optimal design architecture
Related violations: <none>

TIMING-16#26 Warning
Large setup violation  
There is a large setup violation of -3.334 ns between x3_reg_reg[15]/C (clocked by sys_clk) and result0__1/PCIN[32] (clocked by sys_clk). Large setup violations at the end of those stages might be difficult to fix during the post-placement implementation flow and could be the result of non-optimal XDC constraints or non-optimal design architecture
Related violations: <none>

TIMING-16#27 Warning
Large setup violation  
There is a large setup violation of -3.334 ns between x3_reg_reg[15]/C (clocked by sys_clk) and result0__1/PCIN[33] (clocked by sys_clk). Large setup violations at the end of those stages might be difficult to fix during the post-placement implementation flow and could be the result of non-optimal XDC constraints or non-optimal design architecture
Related violations: <none>

TIMING-16#28 Warning
Large setup violation  
There is a large setup violation of -3.334 ns between x3_reg_reg[15]/C (clocked by sys_clk) and result0__1/PCIN[34] (clocked by sys_clk). Large setup violations at the end of those stages might be difficult to fix during the post-placement implementation flow and could be the result of non-optimal XDC constraints or non-optimal design architecture
Related violations: <none>

TIMING-16#29 Warning
Large setup violation  
There is a large setup violation of -3.334 ns between x3_reg_reg[15]/C (clocked by sys_clk) and result0__1/PCIN[35] (clocked by sys_clk). Large setup violations at the end of those stages might be difficult to fix during the post-placement implementation flow and could be the result of non-optimal XDC constraints or non-optimal design architecture
Related violations: <none>

TIMING-16#30 Warning
Large setup violation  
There is a large setup violation of -3.334 ns between x3_reg_reg[15]/C (clocked by sys_clk) and result0__1/PCIN[36] (clocked by sys_clk). Large setup violations at the end of those stages might be difficult to fix during the post-placement implementation flow and could be the result of non-optimal XDC constraints or non-optimal design architecture
Related violations: <none>

TIMING-16#31 Warning
Large setup violation  
There is a large setup violation of -3.334 ns between x3_reg_reg[15]/C (clocked by sys_clk) and result0__1/PCIN[37] (clocked by sys_clk). Large setup violations at the end of those stages might be difficult to fix during the post-placement implementation flow and could be the result of non-optimal XDC constraints or non-optimal design architecture
Related violations: <none>

TIMING-16#32 Warning
Large setup violation  
There is a large setup violation of -3.334 ns between x3_reg_reg[15]/C (clocked by sys_clk) and result0__1/PCIN[38] (clocked by sys_clk). Large setup violations at the end of those stages might be difficult to fix during the post-placement implementation flow and could be the result of non-optimal XDC constraints or non-optimal design architecture
Related violations: <none>

TIMING-16#33 Warning
Large setup violation  
There is a large setup violation of -3.334 ns between x3_reg_reg[15]/C (clocked by sys_clk) and result0__1/PCIN[39] (clocked by sys_clk). Large setup violations at the end of those stages might be difficult to fix during the post-placement implementation flow and could be the result of non-optimal XDC constraints or non-optimal design architecture
Related violations: <none>

TIMING-16#34 Warning
Large setup violation  
There is a large setup violation of -3.334 ns between x3_reg_reg[15]/C (clocked by sys_clk) and result0__1/PCIN[3] (clocked by sys_clk). Large setup violations at the end of those stages might be difficult to fix during the post-placement implementation flow and could be the result of non-optimal XDC constraints or non-optimal design architecture
Related violations: <none>

TIMING-16#35 Warning
Large setup violation  
There is a large setup violation of -3.334 ns between x3_reg_reg[15]/C (clocked by sys_clk) and result0__1/PCIN[40] (clocked by sys_clk). Large setup violations at the end of those stages might be difficult to fix during the post-placement implementation flow and could be the result of non-optimal XDC constraints or non-optimal design architecture
Related violations: <none>

TIMING-16#36 Warning
Large setup violation  
There is a large setup violation of -3.334 ns between x3_reg_reg[15]/C (clocked by sys_clk) and result0__1/PCIN[41] (clocked by sys_clk). Large setup violations at the end of those stages might be difficult to fix during the post-placement implementation flow and could be the result of non-optimal XDC constraints or non-optimal design architecture
Related violations: <none>

TIMING-16#37 Warning
Large setup violation  
There is a large setup violation of -3.334 ns between x3_reg_reg[15]/C (clocked by sys_clk) and result0__1/PCIN[42] (clocked by sys_clk). Large setup violations at the end of those stages might be difficult to fix during the post-placement implementation flow and could be the result of non-optimal XDC constraints or non-optimal design architecture
Related violations: <none>

TIMING-16#38 Warning
Large setup violation  
There is a large setup violation of -3.334 ns between x3_reg_reg[15]/C (clocked by sys_clk) and result0__1/PCIN[43] (clocked by sys_clk). Large setup violations at the end of those stages might be difficult to fix during the post-placement implementation flow and could be the result of non-optimal XDC constraints or non-optimal design architecture
Related violations: <none>

TIMING-16#39 Warning
Large setup violation  
There is a large setup violation of -3.334 ns between x3_reg_reg[15]/C (clocked by sys_clk) and result0__1/PCIN[44] (clocked by sys_clk). Large setup violations at the end of those stages might be difficult to fix during the post-placement implementation flow and could be the result of non-optimal XDC constraints or non-optimal design architecture
Related violations: <none>

TIMING-16#40 Warning
Large setup violation  
There is a large setup violation of -3.334 ns between x3_reg_reg[15]/C (clocked by sys_clk) and result0__1/PCIN[45] (clocked by sys_clk). Large setup violations at the end of those stages might be difficult to fix during the post-placement implementation flow and could be the result of non-optimal XDC constraints or non-optimal design architecture
Related violations: <none>

TIMING-16#41 Warning
Large setup violation  
There is a large setup violation of -3.334 ns between x3_reg_reg[15]/C (clocked by sys_clk) and result0__1/PCIN[46] (clocked by sys_clk). Large setup violations at the end of those stages might be difficult to fix during the post-placement implementation flow and could be the result of non-optimal XDC constraints or non-optimal design architecture
Related violations: <none>

TIMING-16#42 Warning
Large setup violation  
There is a large setup violation of -3.334 ns between x3_reg_reg[15]/C (clocked by sys_clk) and result0__1/PCIN[47] (clocked by sys_clk). Large setup violations at the end of those stages might be difficult to fix during the post-placement implementation flow and could be the result of non-optimal XDC constraints or non-optimal design architecture
Related violations: <none>

TIMING-16#43 Warning
Large setup violation  
There is a large setup violation of -3.334 ns between x3_reg_reg[15]/C (clocked by sys_clk) and result0__1/PCIN[4] (clocked by sys_clk). Large setup violations at the end of those stages might be difficult to fix during the post-placement implementation flow and could be the result of non-optimal XDC constraints or non-optimal design architecture
Related violations: <none>

TIMING-16#44 Warning
Large setup violation  
There is a large setup violation of -3.334 ns between x3_reg_reg[15]/C (clocked by sys_clk) and result0__1/PCIN[5] (clocked by sys_clk). Large setup violations at the end of those stages might be difficult to fix during the post-placement implementation flow and could be the result of non-optimal XDC constraints or non-optimal design architecture
Related violations: <none>

TIMING-16#45 Warning
Large setup violation  
There is a large setup violation of -3.334 ns between x3_reg_reg[15]/C (clocked by sys_clk) and result0__1/PCIN[6] (clocked by sys_clk). Large setup violations at the end of those stages might be difficult to fix during the post-placement implementation flow and could be the result of non-optimal XDC constraints or non-optimal design architecture
Related violations: <none>

TIMING-16#46 Warning
Large setup violation  
There is a large setup violation of -3.334 ns between x3_reg_reg[15]/C (clocked by sys_clk) and result0__1/PCIN[7] (clocked by sys_clk). Large setup violations at the end of those stages might be difficult to fix during the post-placement implementation flow and could be the result of non-optimal XDC constraints or non-optimal design architecture
Related violations: <none>

TIMING-16#47 Warning
Large setup violation  
There is a large setup violation of -3.334 ns between x3_reg_reg[15]/C (clocked by sys_clk) and result0__1/PCIN[8] (clocked by sys_clk). Large setup violations at the end of those stages might be difficult to fix during the post-placement implementation flow and could be the result of non-optimal XDC constraints or non-optimal design architecture
Related violations: <none>

TIMING-16#48 Warning
Large setup violation  
There is a large setup violation of -3.334 ns between x3_reg_reg[15]/C (clocked by sys_clk) and result0__1/PCIN[9] (clocked by sys_clk). Large setup violations at the end of those stages might be difficult to fix during the post-placement implementation flow and could be the result of non-optimal XDC constraints or non-optimal design architecture
Related violations: <none>

TIMING-18#1 Warning
Missing input or output delay  
An input delay is missing on k0[0] relative to the rising and/or falling clock edge(s) of sys_clk.
Related violations: <none>

TIMING-18#2 Warning
Missing input or output delay  
An input delay is missing on k0[10] relative to the rising and/or falling clock edge(s) of sys_clk.
Related violations: <none>

TIMING-18#3 Warning
Missing input or output delay  
An input delay is missing on k0[11] relative to the rising and/or falling clock edge(s) of sys_clk.
Related violations: <none>

TIMING-18#4 Warning
Missing input or output delay  
An input delay is missing on k0[12] relative to the rising and/or falling clock edge(s) of sys_clk.
Related violations: <none>

TIMING-18#5 Warning
Missing input or output delay  
An input delay is missing on k0[13] relative to the rising and/or falling clock edge(s) of sys_clk.
Related violations: <none>

TIMING-18#6 Warning
Missing input or output delay  
An input delay is missing on k0[14] relative to the rising and/or falling clock edge(s) of sys_clk.
Related violations: <none>

TIMING-18#7 Warning
Missing input or output delay  
An input delay is missing on k0[15] relative to the rising and/or falling clock edge(s) of sys_clk.
Related violations: <none>

TIMING-18#8 Warning
Missing input or output delay  
An input delay is missing on k0[1] relative to the rising and/or falling clock edge(s) of sys_clk.
Related violations: <none>

TIMING-18#9 Warning
Missing input or output delay  
An input delay is missing on k0[2] relative to the rising and/or falling clock edge(s) of sys_clk.
Related violations: <none>

TIMING-18#10 Warning
Missing input or output delay  
An input delay is missing on k0[3] relative to the rising and/or falling clock edge(s) of sys_clk.
Related violations: <none>

TIMING-18#11 Warning
Missing input or output delay  
An input delay is missing on k0[4] relative to the rising and/or falling clock edge(s) of sys_clk.
Related violations: <none>

TIMING-18#12 Warning
Missing input or output delay  
An input delay is missing on k0[5] relative to the rising and/or falling clock edge(s) of sys_clk.
Related violations: <none>

TIMING-18#13 Warning
Missing input or output delay  
An input delay is missing on k0[6] relative to the rising and/or falling clock edge(s) of sys_clk.
Related violations: <none>

TIMING-18#14 Warning
Missing input or output delay  
An input delay is missing on k0[7] relative to the rising and/or falling clock edge(s) of sys_clk.
Related violations: <none>

TIMING-18#15 Warning
Missing input or output delay  
An input delay is missing on k0[8] relative to the rising and/or falling clock edge(s) of sys_clk.
Related violations: <none>

TIMING-18#16 Warning
Missing input or output delay  
An input delay is missing on k0[9] relative to the rising and/or falling clock edge(s) of sys_clk.
Related violations: <none>

TIMING-18#17 Warning
Missing input or output delay  
An input delay is missing on k1[0] relative to the rising and/or falling clock edge(s) of sys_clk.
Related violations: <none>

TIMING-18#18 Warning
Missing input or output delay  
An input delay is missing on k1[10] relative to the rising and/or falling clock edge(s) of sys_clk.
Related violations: <none>

TIMING-18#19 Warning
Missing input or output delay  
An input delay is missing on k1[11] relative to the rising and/or falling clock edge(s) of sys_clk.
Related violations: <none>

TIMING-18#20 Warning
Missing input or output delay  
An input delay is missing on k1[12] relative to the rising and/or falling clock edge(s) of sys_clk.
Related violations: <none>

TIMING-18#21 Warning
Missing input or output delay  
An input delay is missing on k1[13] relative to the rising and/or falling clock edge(s) of sys_clk.
Related violations: <none>

TIMING-18#22 Warning
Missing input or output delay  
An input delay is missing on k1[14] relative to the rising and/or falling clock edge(s) of sys_clk.
Related violations: <none>

TIMING-18#23 Warning
Missing input or output delay  
An input delay is missing on k1[15] relative to the rising and/or falling clock edge(s) of sys_clk.
Related violations: <none>

TIMING-18#24 Warning
Missing input or output delay  
An input delay is missing on k1[1] relative to the rising and/or falling clock edge(s) of sys_clk.
Related violations: <none>

TIMING-18#25 Warning
Missing input or output delay  
An input delay is missing on k1[2] relative to the rising and/or falling clock edge(s) of sys_clk.
Related violations: <none>

TIMING-18#26 Warning
Missing input or output delay  
An input delay is missing on k1[3] relative to the rising and/or falling clock edge(s) of sys_clk.
Related violations: <none>

TIMING-18#27 Warning
Missing input or output delay  
An input delay is missing on k1[4] relative to the rising and/or falling clock edge(s) of sys_clk.
Related violations: <none>

TIMING-18#28 Warning
Missing input or output delay  
An input delay is missing on k1[5] relative to the rising and/or falling clock edge(s) of sys_clk.
Related violations: <none>

TIMING-18#29 Warning
Missing input or output delay  
An input delay is missing on k1[6] relative to the rising and/or falling clock edge(s) of sys_clk.
Related violations: <none>

TIMING-18#30 Warning
Missing input or output delay  
An input delay is missing on k1[7] relative to the rising and/or falling clock edge(s) of sys_clk.
Related violations: <none>

TIMING-18#31 Warning
Missing input or output delay  
An input delay is missing on k1[8] relative to the rising and/or falling clock edge(s) of sys_clk.
Related violations: <none>

TIMING-18#32 Warning
Missing input or output delay  
An input delay is missing on k1[9] relative to the rising and/or falling clock edge(s) of sys_clk.
Related violations: <none>

TIMING-18#33 Warning
Missing input or output delay  
An input delay is missing on k2[0] relative to the rising and/or falling clock edge(s) of sys_clk.
Related violations: <none>

TIMING-18#34 Warning
Missing input or output delay  
An input delay is missing on k2[10] relative to the rising and/or falling clock edge(s) of sys_clk.
Related violations: <none>

TIMING-18#35 Warning
Missing input or output delay  
An input delay is missing on k2[11] relative to the rising and/or falling clock edge(s) of sys_clk.
Related violations: <none>

TIMING-18#36 Warning
Missing input or output delay  
An input delay is missing on k2[12] relative to the rising and/or falling clock edge(s) of sys_clk.
Related violations: <none>

TIMING-18#37 Warning
Missing input or output delay  
An input delay is missing on k2[13] relative to the rising and/or falling clock edge(s) of sys_clk.
Related violations: <none>

TIMING-18#38 Warning
Missing input or output delay  
An input delay is missing on k2[14] relative to the rising and/or falling clock edge(s) of sys_clk.
Related violations: <none>

TIMING-18#39 Warning
Missing input or output delay  
An input delay is missing on k2[15] relative to the rising and/or falling clock edge(s) of sys_clk.
Related violations: <none>

TIMING-18#40 Warning
Missing input or output delay  
An input delay is missing on k2[1] relative to the rising and/or falling clock edge(s) of sys_clk.
Related violations: <none>

TIMING-18#41 Warning
Missing input or output delay  
An input delay is missing on k2[2] relative to the rising and/or falling clock edge(s) of sys_clk.
Related violations: <none>

TIMING-18#42 Warning
Missing input or output delay  
An input delay is missing on k2[3] relative to the rising and/or falling clock edge(s) of sys_clk.
Related violations: <none>

TIMING-18#43 Warning
Missing input or output delay  
An input delay is missing on k2[4] relative to the rising and/or falling clock edge(s) of sys_clk.
Related violations: <none>

TIMING-18#44 Warning
Missing input or output delay  
An input delay is missing on k2[5] relative to the rising and/or falling clock edge(s) of sys_clk.
Related violations: <none>

TIMING-18#45 Warning
Missing input or output delay  
An input delay is missing on k2[6] relative to the rising and/or falling clock edge(s) of sys_clk.
Related violations: <none>

TIMING-18#46 Warning
Missing input or output delay  
An input delay is missing on k2[7] relative to the rising and/or falling clock edge(s) of sys_clk.
Related violations: <none>

TIMING-18#47 Warning
Missing input or output delay  
An input delay is missing on k2[8] relative to the rising and/or falling clock edge(s) of sys_clk.
Related violations: <none>

TIMING-18#48 Warning
Missing input or output delay  
An input delay is missing on k2[9] relative to the rising and/or falling clock edge(s) of sys_clk.
Related violations: <none>

TIMING-18#49 Warning
Missing input or output delay  
An input delay is missing on k3[0] relative to the rising and/or falling clock edge(s) of sys_clk.
Related violations: <none>

TIMING-18#50 Warning
Missing input or output delay  
An input delay is missing on k3[10] relative to the rising and/or falling clock edge(s) of sys_clk.
Related violations: <none>

TIMING-18#51 Warning
Missing input or output delay  
An input delay is missing on k3[11] relative to the rising and/or falling clock edge(s) of sys_clk.
Related violations: <none>

TIMING-18#52 Warning
Missing input or output delay  
An input delay is missing on k3[12] relative to the rising and/or falling clock edge(s) of sys_clk.
Related violations: <none>

TIMING-18#53 Warning
Missing input or output delay  
An input delay is missing on k3[13] relative to the rising and/or falling clock edge(s) of sys_clk.
Related violations: <none>

TIMING-18#54 Warning
Missing input or output delay  
An input delay is missing on k3[14] relative to the rising and/or falling clock edge(s) of sys_clk.
Related violations: <none>

TIMING-18#55 Warning
Missing input or output delay  
An input delay is missing on k3[15] relative to the rising and/or falling clock edge(s) of sys_clk.
Related violations: <none>

TIMING-18#56 Warning
Missing input or output delay  
An input delay is missing on k3[1] relative to the rising and/or falling clock edge(s) of sys_clk.
Related violations: <none>

TIMING-18#57 Warning
Missing input or output delay  
An input delay is missing on k3[2] relative to the rising and/or falling clock edge(s) of sys_clk.
Related violations: <none>

TIMING-18#58 Warning
Missing input or output delay  
An input delay is missing on k3[3] relative to the rising and/or falling clock edge(s) of sys_clk.
Related violations: <none>

TIMING-18#59 Warning
Missing input or output delay  
An input delay is missing on k3[4] relative to the rising and/or falling clock edge(s) of sys_clk.
Related violations: <none>

TIMING-18#60 Warning
Missing input or output delay  
An input delay is missing on k3[5] relative to the rising and/or falling clock edge(s) of sys_clk.
Related violations: <none>

TIMING-18#61 Warning
Missing input or output delay  
An input delay is missing on k3[6] relative to the rising and/or falling clock edge(s) of sys_clk.
Related violations: <none>

TIMING-18#62 Warning
Missing input or output delay  
An input delay is missing on k3[7] relative to the rising and/or falling clock edge(s) of sys_clk.
Related violations: <none>

TIMING-18#63 Warning
Missing input or output delay  
An input delay is missing on k3[8] relative to the rising and/or falling clock edge(s) of sys_clk.
Related violations: <none>

TIMING-18#64 Warning
Missing input or output delay  
An input delay is missing on k3[9] relative to the rising and/or falling clock edge(s) of sys_clk.
Related violations: <none>

TIMING-18#65 Warning
Missing input or output delay  
An input delay is missing on rst relative to the rising and/or falling clock edge(s) of sys_clk.
Related violations: <none>

TIMING-18#66 Warning
Missing input or output delay  
An input delay is missing on x0[0] relative to the rising and/or falling clock edge(s) of sys_clk.
Related violations: <none>

TIMING-18#67 Warning
Missing input or output delay  
An input delay is missing on x0[10] relative to the rising and/or falling clock edge(s) of sys_clk.
Related violations: <none>

TIMING-18#68 Warning
Missing input or output delay  
An input delay is missing on x0[11] relative to the rising and/or falling clock edge(s) of sys_clk.
Related violations: <none>

TIMING-18#69 Warning
Missing input or output delay  
An input delay is missing on x0[12] relative to the rising and/or falling clock edge(s) of sys_clk.
Related violations: <none>

TIMING-18#70 Warning
Missing input or output delay  
An input delay is missing on x0[13] relative to the rising and/or falling clock edge(s) of sys_clk.
Related violations: <none>

TIMING-18#71 Warning
Missing input or output delay  
An input delay is missing on x0[14] relative to the rising and/or falling clock edge(s) of sys_clk.
Related violations: <none>

TIMING-18#72 Warning
Missing input or output delay  
An input delay is missing on x0[15] relative to the rising and/or falling clock edge(s) of sys_clk.
Related violations: <none>

TIMING-18#73 Warning
Missing input or output delay  
An input delay is missing on x0[1] relative to the rising and/or falling clock edge(s) of sys_clk.
Related violations: <none>

TIMING-18#74 Warning
Missing input or output delay  
An input delay is missing on x0[2] relative to the rising and/or falling clock edge(s) of sys_clk.
Related violations: <none>

TIMING-18#75 Warning
Missing input or output delay  
An input delay is missing on x0[3] relative to the rising and/or falling clock edge(s) of sys_clk.
Related violations: <none>

TIMING-18#76 Warning
Missing input or output delay  
An input delay is missing on x0[4] relative to the rising and/or falling clock edge(s) of sys_clk.
Related violations: <none>

TIMING-18#77 Warning
Missing input or output delay  
An input delay is missing on x0[5] relative to the rising and/or falling clock edge(s) of sys_clk.
Related violations: <none>

TIMING-18#78 Warning
Missing input or output delay  
An input delay is missing on x0[6] relative to the rising and/or falling clock edge(s) of sys_clk.
Related violations: <none>

TIMING-18#79 Warning
Missing input or output delay  
An input delay is missing on x0[7] relative to the rising and/or falling clock edge(s) of sys_clk.
Related violations: <none>

TIMING-18#80 Warning
Missing input or output delay  
An input delay is missing on x0[8] relative to the rising and/or falling clock edge(s) of sys_clk.
Related violations: <none>

TIMING-18#81 Warning
Missing input or output delay  
An input delay is missing on x0[9] relative to the rising and/or falling clock edge(s) of sys_clk.
Related violations: <none>

TIMING-18#82 Warning
Missing input or output delay  
An input delay is missing on x1[0] relative to the rising and/or falling clock edge(s) of sys_clk.
Related violations: <none>

TIMING-18#83 Warning
Missing input or output delay  
An input delay is missing on x1[10] relative to the rising and/or falling clock edge(s) of sys_clk.
Related violations: <none>

TIMING-18#84 Warning
Missing input or output delay  
An input delay is missing on x1[11] relative to the rising and/or falling clock edge(s) of sys_clk.
Related violations: <none>

TIMING-18#85 Warning
Missing input or output delay  
An input delay is missing on x1[12] relative to the rising and/or falling clock edge(s) of sys_clk.
Related violations: <none>

TIMING-18#86 Warning
Missing input or output delay  
An input delay is missing on x1[13] relative to the rising and/or falling clock edge(s) of sys_clk.
Related violations: <none>

TIMING-18#87 Warning
Missing input or output delay  
An input delay is missing on x1[14] relative to the rising and/or falling clock edge(s) of sys_clk.
Related violations: <none>

TIMING-18#88 Warning
Missing input or output delay  
An input delay is missing on x1[15] relative to the rising and/or falling clock edge(s) of sys_clk.
Related violations: <none>

TIMING-18#89 Warning
Missing input or output delay  
An input delay is missing on x1[1] relative to the rising and/or falling clock edge(s) of sys_clk.
Related violations: <none>

TIMING-18#90 Warning
Missing input or output delay  
An input delay is missing on x1[2] relative to the rising and/or falling clock edge(s) of sys_clk.
Related violations: <none>

TIMING-18#91 Warning
Missing input or output delay  
An input delay is missing on x1[3] relative to the rising and/or falling clock edge(s) of sys_clk.
Related violations: <none>

TIMING-18#92 Warning
Missing input or output delay  
An input delay is missing on x1[4] relative to the rising and/or falling clock edge(s) of sys_clk.
Related violations: <none>

TIMING-18#93 Warning
Missing input or output delay  
An input delay is missing on x1[5] relative to the rising and/or falling clock edge(s) of sys_clk.
Related violations: <none>

TIMING-18#94 Warning
Missing input or output delay  
An input delay is missing on x1[6] relative to the rising and/or falling clock edge(s) of sys_clk.
Related violations: <none>

TIMING-18#95 Warning
Missing input or output delay  
An input delay is missing on x1[7] relative to the rising and/or falling clock edge(s) of sys_clk.
Related violations: <none>

TIMING-18#96 Warning
Missing input or output delay  
An input delay is missing on x1[8] relative to the rising and/or falling clock edge(s) of sys_clk.
Related violations: <none>

TIMING-18#97 Warning
Missing input or output delay  
An input delay is missing on x1[9] relative to the rising and/or falling clock edge(s) of sys_clk.
Related violations: <none>

TIMING-18#98 Warning
Missing input or output delay  
An input delay is missing on x2[0] relative to the rising and/or falling clock edge(s) of sys_clk.
Related violations: <none>

TIMING-18#99 Warning
Missing input or output delay  
An input delay is missing on x2[10] relative to the rising and/or falling clock edge(s) of sys_clk.
Related violations: <none>

TIMING-18#100 Warning
Missing input or output delay  
An input delay is missing on x2[11] relative to the rising and/or falling clock edge(s) of sys_clk.
Related violations: <none>

TIMING-18#101 Warning
Missing input or output delay  
An input delay is missing on x2[12] relative to the rising and/or falling clock edge(s) of sys_clk.
Related violations: <none>

TIMING-18#102 Warning
Missing input or output delay  
An input delay is missing on x2[13] relative to the rising and/or falling clock edge(s) of sys_clk.
Related violations: <none>

TIMING-18#103 Warning
Missing input or output delay  
An input delay is missing on x2[14] relative to the rising and/or falling clock edge(s) of sys_clk.
Related violations: <none>

TIMING-18#104 Warning
Missing input or output delay  
An input delay is missing on x2[15] relative to the rising and/or falling clock edge(s) of sys_clk.
Related violations: <none>

TIMING-18#105 Warning
Missing input or output delay  
An input delay is missing on x2[1] relative to the rising and/or falling clock edge(s) of sys_clk.
Related violations: <none>

TIMING-18#106 Warning
Missing input or output delay  
An input delay is missing on x2[2] relative to the rising and/or falling clock edge(s) of sys_clk.
Related violations: <none>

TIMING-18#107 Warning
Missing input or output delay  
An input delay is missing on x2[3] relative to the rising and/or falling clock edge(s) of sys_clk.
Related violations: <none>

TIMING-18#108 Warning
Missing input or output delay  
An input delay is missing on x2[4] relative to the rising and/or falling clock edge(s) of sys_clk.
Related violations: <none>

TIMING-18#109 Warning
Missing input or output delay  
An input delay is missing on x2[5] relative to the rising and/or falling clock edge(s) of sys_clk.
Related violations: <none>

TIMING-18#110 Warning
Missing input or output delay  
An input delay is missing on x2[6] relative to the rising and/or falling clock edge(s) of sys_clk.
Related violations: <none>

TIMING-18#111 Warning
Missing input or output delay  
An input delay is missing on x2[7] relative to the rising and/or falling clock edge(s) of sys_clk.
Related violations: <none>

TIMING-18#112 Warning
Missing input or output delay  
An input delay is missing on x2[8] relative to the rising and/or falling clock edge(s) of sys_clk.
Related violations: <none>

TIMING-18#113 Warning
Missing input or output delay  
An input delay is missing on x2[9] relative to the rising and/or falling clock edge(s) of sys_clk.
Related violations: <none>

TIMING-18#114 Warning
Missing input or output delay  
An input delay is missing on x3[0] relative to the rising and/or falling clock edge(s) of sys_clk.
Related violations: <none>

TIMING-18#115 Warning
Missing input or output delay  
An input delay is missing on x3[10] relative to the rising and/or falling clock edge(s) of sys_clk.
Related violations: <none>

TIMING-18#116 Warning
Missing input or output delay  
An input delay is missing on x3[11] relative to the rising and/or falling clock edge(s) of sys_clk.
Related violations: <none>

TIMING-18#117 Warning
Missing input or output delay  
An input delay is missing on x3[12] relative to the rising and/or falling clock edge(s) of sys_clk.
Related violations: <none>

TIMING-18#118 Warning
Missing input or output delay  
An input delay is missing on x3[13] relative to the rising and/or falling clock edge(s) of sys_clk.
Related violations: <none>

TIMING-18#119 Warning
Missing input or output delay  
An input delay is missing on x3[14] relative to the rising and/or falling clock edge(s) of sys_clk.
Related violations: <none>

TIMING-18#120 Warning
Missing input or output delay  
An input delay is missing on x3[15] relative to the rising and/or falling clock edge(s) of sys_clk.
Related violations: <none>

TIMING-18#121 Warning
Missing input or output delay  
An input delay is missing on x3[1] relative to the rising and/or falling clock edge(s) of sys_clk.
Related violations: <none>

TIMING-18#122 Warning
Missing input or output delay  
An input delay is missing on x3[2] relative to the rising and/or falling clock edge(s) of sys_clk.
Related violations: <none>

TIMING-18#123 Warning
Missing input or output delay  
An input delay is missing on x3[3] relative to the rising and/or falling clock edge(s) of sys_clk.
Related violations: <none>

TIMING-18#124 Warning
Missing input or output delay  
An input delay is missing on x3[4] relative to the rising and/or falling clock edge(s) of sys_clk.
Related violations: <none>

TIMING-18#125 Warning
Missing input or output delay  
An input delay is missing on x3[5] relative to the rising and/or falling clock edge(s) of sys_clk.
Related violations: <none>

TIMING-18#126 Warning
Missing input or output delay  
An input delay is missing on x3[6] relative to the rising and/or falling clock edge(s) of sys_clk.
Related violations: <none>

TIMING-18#127 Warning
Missing input or output delay  
An input delay is missing on x3[7] relative to the rising and/or falling clock edge(s) of sys_clk.
Related violations: <none>

TIMING-18#128 Warning
Missing input or output delay  
An input delay is missing on x3[8] relative to the rising and/or falling clock edge(s) of sys_clk.
Related violations: <none>

TIMING-18#129 Warning
Missing input or output delay  
An input delay is missing on x3[9] relative to the rising and/or falling clock edge(s) of sys_clk.
Related violations: <none>

TIMING-18#130 Warning
Missing input or output delay  
An output delay is missing on result[0] relative to the rising and/or falling clock edge(s) of sys_clk.
Related violations: <none>

TIMING-18#131 Warning
Missing input or output delay  
An output delay is missing on result[10] relative to the rising and/or falling clock edge(s) of sys_clk.
Related violations: <none>

TIMING-18#132 Warning
Missing input or output delay  
An output delay is missing on result[11] relative to the rising and/or falling clock edge(s) of sys_clk.
Related violations: <none>

TIMING-18#133 Warning
Missing input or output delay  
An output delay is missing on result[12] relative to the rising and/or falling clock edge(s) of sys_clk.
Related violations: <none>

TIMING-18#134 Warning
Missing input or output delay  
An output delay is missing on result[13] relative to the rising and/or falling clock edge(s) of sys_clk.
Related violations: <none>

TIMING-18#135 Warning
Missing input or output delay  
An output delay is missing on result[14] relative to the rising and/or falling clock edge(s) of sys_clk.
Related violations: <none>

TIMING-18#136 Warning
Missing input or output delay  
An output delay is missing on result[15] relative to the rising and/or falling clock edge(s) of sys_clk.
Related violations: <none>

TIMING-18#137 Warning
Missing input or output delay  
An output delay is missing on result[16] relative to the rising and/or falling clock edge(s) of sys_clk.
Related violations: <none>

TIMING-18#138 Warning
Missing input or output delay  
An output delay is missing on result[17] relative to the rising and/or falling clock edge(s) of sys_clk.
Related violations: <none>

TIMING-18#139 Warning
Missing input or output delay  
An output delay is missing on result[18] relative to the rising and/or falling clock edge(s) of sys_clk.
Related violations: <none>

TIMING-18#140 Warning
Missing input or output delay  
An output delay is missing on result[19] relative to the rising and/or falling clock edge(s) of sys_clk.
Related violations: <none>

TIMING-18#141 Warning
Missing input or output delay  
An output delay is missing on result[1] relative to the rising and/or falling clock edge(s) of sys_clk.
Related violations: <none>

TIMING-18#142 Warning
Missing input or output delay  
An output delay is missing on result[20] relative to the rising and/or falling clock edge(s) of sys_clk.
Related violations: <none>

TIMING-18#143 Warning
Missing input or output delay  
An output delay is missing on result[21] relative to the rising and/or falling clock edge(s) of sys_clk.
Related violations: <none>

TIMING-18#144 Warning
Missing input or output delay  
An output delay is missing on result[22] relative to the rising and/or falling clock edge(s) of sys_clk.
Related violations: <none>

TIMING-18#145 Warning
Missing input or output delay  
An output delay is missing on result[23] relative to the rising and/or falling clock edge(s) of sys_clk.
Related violations: <none>

TIMING-18#146 Warning
Missing input or output delay  
An output delay is missing on result[24] relative to the rising and/or falling clock edge(s) of sys_clk.
Related violations: <none>

TIMING-18#147 Warning
Missing input or output delay  
An output delay is missing on result[25] relative to the rising and/or falling clock edge(s) of sys_clk.
Related violations: <none>

TIMING-18#148 Warning
Missing input or output delay  
An output delay is missing on result[26] relative to the rising and/or falling clock edge(s) of sys_clk.
Related violations: <none>

TIMING-18#149 Warning
Missing input or output delay  
An output delay is missing on result[27] relative to the rising and/or falling clock edge(s) of sys_clk.
Related violations: <none>

TIMING-18#150 Warning
Missing input or output delay  
An output delay is missing on result[28] relative to the rising and/or falling clock edge(s) of sys_clk.
Related violations: <none>

TIMING-18#151 Warning
Missing input or output delay  
An output delay is missing on result[29] relative to the rising and/or falling clock edge(s) of sys_clk.
Related violations: <none>

TIMING-18#152 Warning
Missing input or output delay  
An output delay is missing on result[2] relative to the rising and/or falling clock edge(s) of sys_clk.
Related violations: <none>

TIMING-18#153 Warning
Missing input or output delay  
An output delay is missing on result[30] relative to the rising and/or falling clock edge(s) of sys_clk.
Related violations: <none>

TIMING-18#154 Warning
Missing input or output delay  
An output delay is missing on result[31] relative to the rising and/or falling clock edge(s) of sys_clk.
Related violations: <none>

TIMING-18#155 Warning
Missing input or output delay  
An output delay is missing on result[32] relative to the rising and/or falling clock edge(s) of sys_clk.
Related violations: <none>

TIMING-18#156 Warning
Missing input or output delay  
An output delay is missing on result[33] relative to the rising and/or falling clock edge(s) of sys_clk.
Related violations: <none>

TIMING-18#157 Warning
Missing input or output delay  
An output delay is missing on result[3] relative to the rising and/or falling clock edge(s) of sys_clk.
Related violations: <none>

TIMING-18#158 Warning
Missing input or output delay  
An output delay is missing on result[4] relative to the rising and/or falling clock edge(s) of sys_clk.
Related violations: <none>

TIMING-18#159 Warning
Missing input or output delay  
An output delay is missing on result[5] relative to the rising and/or falling clock edge(s) of sys_clk.
Related violations: <none>

TIMING-18#160 Warning
Missing input or output delay  
An output delay is missing on result[6] relative to the rising and/or falling clock edge(s) of sys_clk.
Related violations: <none>

TIMING-18#161 Warning
Missing input or output delay  
An output delay is missing on result[7] relative to the rising and/or falling clock edge(s) of sys_clk.
Related violations: <none>

TIMING-18#162 Warning
Missing input or output delay  
An output delay is missing on result[8] relative to the rising and/or falling clock edge(s) of sys_clk.
Related violations: <none>

TIMING-18#163 Warning
Missing input or output delay  
An output delay is missing on result[9] relative to the rising and/or falling clock edge(s) of sys_clk.
Related violations: <none>


