Copyright 1986-2022 Xilinx, Inc. All Rights Reserved. Copyright 2022-2025 Advanced Micro Devices, Inc. All Rights Reserved.
---------------------------------------------------------------------------------------------------------------------------------------------------------------------------------------------------------------------------------------------------
| Tool Version : Vivado v.2025.2 (lin64) Build 6299465 Fri Nov 14 12:34:56 MST 2025
| Date         : Tue Sep 15 23:41:21 2026
| Host         : r9s running 64-bit Ubuntu 24.04.4 LTS
| Command      : report_timing_summary -max_paths 10 -routable_nets -report_unconstrained -file fir_pipelined_timing_summary_routed.rpt -pb fir_pipelined_timing_summary_routed.pb -rpx fir_pipelined_timing_summary_routed.rpx -warn_on_violation
| Design       : fir_pipelined
| Device       : 7z020-clg484
| Speed File   : -2  PRODUCTION 1.12 2019-11-22
| Design State : Routed
---------------------------------------------------------------------------------------------------------------------------------------------------------------------------------------------------------------------------------------------------

Timing Summary Report

------------------------------------------------------------------------------------------------
| Timer Settings
| --------------
------------------------------------------------------------------------------------------------

  Enable Multi Corner Analysis               :  Yes
  Enable Pessimism Removal                   :  Yes
  Pessimism Removal Resolution               :  Nearest Common Node
  Enable Input Delay Default Clock           :  No
  Enable Preset / Clear Arcs                 :  No
  Disable Flight Delays                      :  No
  Ignore I/O Paths                           :  No
  Timing Early Launch at Borrowing Latches   :  No
  Borrow Time for Max Delay Exceptions       :  Yes
  Merge Timing Exceptions                    :  Yes
  Inter-SLR Compensation                     :  Conservative

  Corner  Analyze    Analyze    
  Name    Max Paths  Min Paths  
  ------  ---------  ---------  
  Slow    Yes        Yes        
  Fast    Yes        Yes        


------------------------------------------------------------------------------------------------
| Report Methodology
| ------------------
------------------------------------------------------------------------------------------------

Rule       Severity  Description                    Violations  
---------  --------  -----------------------------  ----------  
DPIR-1     Warning   Asynchronous driver check      192         
TIMING-18  Warning   Missing input or output delay  163         

Note: This report is based on the most recent report_methodology run and may not be up-to-date. Run report_methodology on the current design for the latest report.



check_timing report

Table of Contents
-----------------
1. checking no_clock (0)
2. checking constant_clock (0)
3. checking pulse_width_clock (0)
4. checking unconstrained_internal_endpoints (0)
5. checking no_input_delay (129)
6. checking no_output_delay (34)
7. checking multiple_clock (0)
8. checking generated_clocks (0)
9. checking loops (0)
10. checking partial_input_delay (0)
11. checking partial_output_delay (0)
12. checking latch_loops (0)

1. checking no_clock (0)
------------------------
 There are 0 register/latch pins with no clock.


2. checking constant_clock (0)
------------------------------
 There are 0 register/latch pins with constant_clock.


3. checking pulse_width_clock (0)
---------------------------------
 There are 0 register/latch pins which need pulse_width check


4. checking unconstrained_internal_endpoints (0)
------------------------------------------------
 There are 0 pins that are not constrained for maximum delay.

 There are 0 pins that are not constrained for maximum delay due to constant clock.


5. checking no_input_delay (129)
--------------------------------
 There are 129 input ports with no input delay specified. (HIGH)

 There are 0 input ports with no input delay but user has a false path constraint.


6. checking no_output_delay (34)
--------------------------------
 There are 34 ports with no output delay specified. (HIGH)

 There are 0 ports with no output delay but user has a false path constraint

 There are 0 ports with no output delay but with a timing clock defined on it or propagating through it


7. checking multiple_clock (0)
------------------------------
 There are 0 register/latch pins with multiple clocks.


8. checking generated_clocks (0)
--------------------------------
 There are 0 generated clocks that are not connected to a clock source.


9. checking loops (0)
---------------------
 There are 0 combinational loops in the design.


10. checking partial_input_delay (0)
------------------------------------
 There are 0 input ports with partial input delay specified.


11. checking partial_output_delay (0)
-------------------------------------
 There are 0 ports with partial output delay specified.


12. checking latch_loops (0)
----------------------------
 There are 0 combinational latch loops in the design through latch input



------------------------------------------------------------------------------------------------
| Design Timing Summary
| ---------------------
------------------------------------------------------------------------------------------------

    WNS(ns)      TNS(ns)  TNS Failing Endpoints  TNS Total Endpoints      WHS(ns)      THS(ns)  THS Failing Endpoints  THS Total Endpoints     WPWS(ns)     TPWS(ns)  TPWS Failing Endpoints  TPWS Total Endpoints  
    -------      -------  ---------------------  -------------------      -------      -------  ---------------------  -------------------     --------     --------  ----------------------  --------------------  
      0.622        0.000                      0                  292        0.211        0.000                      0                  292        2.000        0.000                       0                   234  


All user specified timing constraints are met.


------------------------------------------------------------------------------------------------
| Clock Summary
| -------------
------------------------------------------------------------------------------------------------

Clock    Waveform(ns)         Period(ns)      Frequency(MHz)
-----    ------------         ----------      --------------
sys_clk  {0.000 2.500}        5.000           200.000         


------------------------------------------------------------------------------------------------
| Intra Clock Table
| -----------------
------------------------------------------------------------------------------------------------

Clock             WNS(ns)      TNS(ns)  TNS Failing Endpoints  TNS Total Endpoints      WHS(ns)      THS(ns)  THS Failing Endpoints  THS Total Endpoints     WPWS(ns)     TPWS(ns)  TPWS Failing Endpoints  TPWS Total Endpoints  
-----             -------      -------  ---------------------  -------------------      -------      -------  ---------------------  -------------------     --------     --------  ----------------------  --------------------  
sys_clk             0.622        0.000                      0                  292        0.211        0.000                      0                  292        2.000        0.000                       0                   234  


------------------------------------------------------------------------------------------------
| Inter Clock Table
| -----------------
------------------------------------------------------------------------------------------------

From Clock    To Clock          WNS(ns)      TNS(ns)  TNS Failing Endpoints  TNS Total Endpoints      WHS(ns)      THS(ns)  THS Failing Endpoints  THS Total Endpoints  
----------    --------          -------      -------  ---------------------  -------------------      -------      -------  ---------------------  -------------------  


------------------------------------------------------------------------------------------------
| Other Path Groups Table
| -----------------------
------------------------------------------------------------------------------------------------

Path Group    From Clock    To Clock          WNS(ns)      TNS(ns)  TNS Failing Endpoints  TNS Total Endpoints      WHS(ns)      THS(ns)  THS Failing Endpoints  THS Total Endpoints  
----------    ----------    --------          -------      -------  ---------------------  -------------------      -------      -------  ---------------------  -------------------  


------------------------------------------------------------------------------------------------
| User Ignored Path Table
| -----------------------
------------------------------------------------------------------------------------------------

Path Group    From Clock    To Clock    
----------    ----------    --------    


------------------------------------------------------------------------------------------------
| Unconstrained Path Table
| ------------------------
------------------------------------------------------------------------------------------------

Path Group    From Clock    To Clock    
----------    ----------    --------    
(none)        sys_clk                     
(none)                      sys_clk       


------------------------------------------------------------------------------------------------
| Timing Details
| --------------
------------------------------------------------------------------------------------------------


---------------------------------------------------------------------------------------------------
From Clock:  sys_clk
  To Clock:  sys_clk

Setup :            0  Failing Endpoints,  Worst Slack        0.622ns,  Total Violation        0.000ns
Hold  :            0  Failing Endpoints,  Worst Slack        0.211ns,  Total Violation        0.000ns
PW    :            0  Failing Endpoints,  Worst Slack        2.000ns,  Total Violation        0.000ns
---------------------------------------------------------------------------------------------------


Max Delay Paths
--------------------------------------------------------------------------------------
Slack (MET) :             0.622ns  (required time - arrival time)
  Source:                 x2_reg_reg[15]/C
                            (rising edge-triggered cell FDCE clocked by sys_clk  {rise@0.000ns fall@2.500ns period=5.000ns})
  Destination:            p20/A[16]
                            (rising edge-triggered cell DSP48E1 clocked by sys_clk  {rise@0.000ns fall@2.500ns period=5.000ns})
  Path Group:             sys_clk
  Path Type:              Setup (Max at Slow Process Corner)
  Requirement:            5.000ns  (sys_clk rise@5.000ns - sys_clk rise@0.000ns)
  Data Path Delay:        1.140ns  (logic 0.398ns (34.912%)  route 0.742ns (65.088%))
  Logic Levels:           0  
  Clock Path Skew:        0.057ns (DCD - SCD + CPR)
    Destination Clock Delay (DCD):    3.962ns = ( 8.962 - 5.000 ) 
    Source Clock Delay      (SCD):    4.346ns
    Clock Pessimism Removal (CPR):    0.441ns
  Clock Uncertainty:      0.035ns  ((TSJ^2 + TIJ^2)^1/2 + DJ) / 2 + PE
    Total System Jitter     (TSJ):    0.071ns
    Total Input Jitter      (TIJ):    0.000ns
    Discrete Jitter          (DJ):    0.000ns
    Phase Error              (PE):    0.000ns

    Location             Delay type                Incr(ns)  Path(ns)    Netlist Resource(s)
  -------------------------------------------------------------------    -------------------
                         (clock sys_clk rise edge)    0.000     0.000 r  
    K19                                               0.000     0.000 r  clk (IN)
                         net (fo=0)                   0.000     0.000    clk
    K19                  IBUF (Prop_ibuf_I_O)         0.870     0.870 r  clk_IBUF_inst/O
                         net (fo=1, routed)           1.873     2.743    clk_IBUF
    BUFGCTRL_X0Y16       BUFG (Prop_bufg_I_O)         0.085     2.828 r  clk_IBUF_BUFG_inst/O
                         net (fo=233, routed)         1.518     4.346    clk_IBUF_BUFG
    SLICE_X102Y35        FDCE                                         r  x2_reg_reg[15]/C
  -------------------------------------------------------------------    -------------------
    SLICE_X102Y35        FDCE (Prop_fdce_C_Q)         0.398     4.744 r  x2_reg_reg[15]/Q
                         net (fo=15, routed)          0.742     5.486    x2_reg[15]
    DSP48_X4Y14          DSP48E1                                      r  p20/A[16]
  -------------------------------------------------------------------    -------------------

                         (clock sys_clk rise edge)    5.000     5.000 r  
    K19                                               0.000     5.000 r  clk (IN)
                         net (fo=0)                   0.000     5.000    clk
    K19                  IBUF (Prop_ibuf_I_O)         0.739     5.739 r  clk_IBUF_inst/O
                         net (fo=1, routed)           1.701     7.440    clk_IBUF
    BUFGCTRL_X0Y16       BUFG (Prop_bufg_I_O)         0.077     7.517 r  clk_IBUF_BUFG_inst/O
                         net (fo=233, routed)         1.444     8.962    clk_IBUF_BUFG
    DSP48_X4Y14          DSP48E1                                      r  p20/CLK
                         clock pessimism              0.441     9.402    
                         clock uncertainty           -0.035     9.367    
    DSP48_X4Y14          DSP48E1 (Setup_dsp48e1_CLK_A[16])
                                                     -3.259     6.108    p20
  -------------------------------------------------------------------
                         required time                          6.108    
                         arrival time                          -5.486    
  -------------------------------------------------------------------
                         slack                                  0.622    

Slack (MET) :             0.622ns  (required time - arrival time)
  Source:                 x2_reg_reg[15]/C
                            (rising edge-triggered cell FDCE clocked by sys_clk  {rise@0.000ns fall@2.500ns period=5.000ns})
  Destination:            p20/A[17]
                            (rising edge-triggered cell DSP48E1 clocked by sys_clk  {rise@0.000ns fall@2.500ns period=5.000ns})
  Path Group:             sys_clk
  Path Type:              Setup (Max at Slow Process Corner)
  Requirement:            5.000ns  (sys_clk rise@5.000ns - sys_clk rise@0.000ns)
  Data Path Delay:        1.140ns  (logic 0.398ns (34.912%)  route 0.742ns (65.088%))
  Logic Levels:           0  
  Clock Path Skew:        0.057ns (DCD - SCD + CPR)
    Destination Clock Delay (DCD):    3.962ns = ( 8.962 - 5.000 ) 
    Source Clock Delay      (SCD):    4.346ns
    Clock Pessimism Removal (CPR):    0.441ns
  Clock Uncertainty:      0.035ns  ((TSJ^2 + TIJ^2)^1/2 + DJ) / 2 + PE
    Total System Jitter     (TSJ):    0.071ns
    Total Input Jitter      (TIJ):    0.000ns
    Discrete Jitter          (DJ):    0.000ns
    Phase Error              (PE):    0.000ns

    Location             Delay type                Incr(ns)  Path(ns)    Netlist Resource(s)
  -------------------------------------------------------------------    -------------------
                         (clock sys_clk rise edge)    0.000     0.000 r  
    K19                                               0.000     0.000 r  clk (IN)
                         net (fo=0)                   0.000     0.000    clk
    K19                  IBUF (Prop_ibuf_I_O)         0.870     0.870 r  clk_IBUF_inst/O
                         net (fo=1, routed)           1.873     2.743    clk_IBUF
    BUFGCTRL_X0Y16       BUFG (Prop_bufg_I_O)         0.085     2.828 r  clk_IBUF_BUFG_inst/O
                         net (fo=233, routed)         1.518     4.346    clk_IBUF_BUFG
    SLICE_X102Y35        FDCE                                         r  x2_reg_reg[15]/C
  -------------------------------------------------------------------    -------------------
    SLICE_X102Y35        FDCE (Prop_fdce_C_Q)         0.398     4.744 r  x2_reg_reg[15]/Q
                         net (fo=15, routed)          0.742     5.486    x2_reg[15]
    DSP48_X4Y14          DSP48E1                                      r  p20/A[17]
  -------------------------------------------------------------------    -------------------

                         (clock sys_clk rise edge)    5.000     5.000 r  
    K19                                               0.000     5.000 r  clk (IN)
                         net (fo=0)                   0.000     5.000    clk
    K19                  IBUF (Prop_ibuf_I_O)         0.739     5.739 r  clk_IBUF_inst/O
                         net (fo=1, routed)           1.701     7.440    clk_IBUF
    BUFGCTRL_X0Y16       BUFG (Prop_bufg_I_O)         0.077     7.517 r  clk_IBUF_BUFG_inst/O
                         net (fo=233, routed)         1.444     8.962    clk_IBUF_BUFG
    DSP48_X4Y14          DSP48E1                                      r  p20/CLK
                         clock pessimism              0.441     9.402    
                         clock uncertainty           -0.035     9.367    
    DSP48_X4Y14          DSP48E1 (Setup_dsp48e1_CLK_A[17])
                                                     -3.259     6.108    p20
  -------------------------------------------------------------------
                         required time                          6.108    
                         arrival time                          -5.486    
  -------------------------------------------------------------------
                         slack                                  0.622    

Slack (MET) :             0.622ns  (required time - arrival time)
  Source:                 x2_reg_reg[15]/C
                            (rising edge-triggered cell FDCE clocked by sys_clk  {rise@0.000ns fall@2.500ns period=5.000ns})
  Destination:            p20/A[18]
                            (rising edge-triggered cell DSP48E1 clocked by sys_clk  {rise@0.000ns fall@2.500ns period=5.000ns})
  Path Group:             sys_clk
  Path Type:              Setup (Max at Slow Process Corner)
  Requirement:            5.000ns  (sys_clk rise@5.000ns - sys_clk rise@0.000ns)
  Data Path Delay:        1.140ns  (logic 0.398ns (34.912%)  route 0.742ns (65.088%))
  Logic Levels:           0  
  Clock Path Skew:        0.057ns (DCD - SCD + CPR)
    Destination Clock Delay (DCD):    3.962ns = ( 8.962 - 5.000 ) 
    Source Clock Delay      (SCD):    4.346ns
    Clock Pessimism Removal (CPR):    0.441ns
  Clock Uncertainty:      0.035ns  ((TSJ^2 + TIJ^2)^1/2 + DJ) / 2 + PE
    Total System Jitter     (TSJ):    0.071ns
    Total Input Jitter      (TIJ):    0.000ns
    Discrete Jitter          (DJ):    0.000ns
    Phase Error              (PE):    0.000ns

    Location             Delay type                Incr(ns)  Path(ns)    Netlist Resource(s)
  -------------------------------------------------------------------    -------------------
                         (clock sys_clk rise edge)    0.000     0.000 r  
    K19                                               0.000     0.000 r  clk (IN)
                         net (fo=0)                   0.000     0.000    clk
    K19                  IBUF (Prop_ibuf_I_O)         0.870     0.870 r  clk_IBUF_inst/O
                         net (fo=1, routed)           1.873     2.743    clk_IBUF
    BUFGCTRL_X0Y16       BUFG (Prop_bufg_I_O)         0.085     2.828 r  clk_IBUF_BUFG_inst/O
                         net (fo=233, routed)         1.518     4.346    clk_IBUF_BUFG
    SLICE_X102Y35        FDCE                                         r  x2_reg_reg[15]/C
  -------------------------------------------------------------------    -------------------
    SLICE_X102Y35        FDCE (Prop_fdce_C_Q)         0.398     4.744 r  x2_reg_reg[15]/Q
                         net (fo=15, routed)          0.742     5.486    x2_reg[15]
    DSP48_X4Y14          DSP48E1                                      r  p20/A[18]
  -------------------------------------------------------------------    -------------------

                         (clock sys_clk rise edge)    5.000     5.000 r  
    K19                                               0.000     5.000 r  clk (IN)
                         net (fo=0)                   0.000     5.000    clk
    K19                  IBUF (Prop_ibuf_I_O)         0.739     5.739 r  clk_IBUF_inst/O
                         net (fo=1, routed)           1.701     7.440    clk_IBUF
    BUFGCTRL_X0Y16       BUFG (Prop_bufg_I_O)         0.077     7.517 r  clk_IBUF_BUFG_inst/O
                         net (fo=233, routed)         1.444     8.962    clk_IBUF_BUFG
    DSP48_X4Y14          DSP48E1                                      r  p20/CLK
                         clock pessimism              0.441     9.402    
                         clock uncertainty           -0.035     9.367    
    DSP48_X4Y14          DSP48E1 (Setup_dsp48e1_CLK_A[18])
                                                     -3.259     6.108    p20
  -------------------------------------------------------------------
                         required time                          6.108    
                         arrival time                          -5.486    
  -------------------------------------------------------------------
                         slack                                  0.622    

Slack (MET) :             0.622ns  (required time - arrival time)
  Source:                 x2_reg_reg[15]/C
                            (rising edge-triggered cell FDCE clocked by sys_clk  {rise@0.000ns fall@2.500ns period=5.000ns})
  Destination:            p20/A[19]
                            (rising edge-triggered cell DSP48E1 clocked by sys_clk  {rise@0.000ns fall@2.500ns period=5.000ns})
  Path Group:             sys_clk
  Path Type:              Setup (Max at Slow Process Corner)
  Requirement:            5.000ns  (sys_clk rise@5.000ns - sys_clk rise@0.000ns)
  Data Path Delay:        1.140ns  (logic 0.398ns (34.912%)  route 0.742ns (65.088%))
  Logic Levels:           0  
  Clock Path Skew:        0.057ns (DCD - SCD + CPR)
    Destination Clock Delay (DCD):    3.962ns = ( 8.962 - 5.000 ) 
    Source Clock Delay      (SCD):    4.346ns
    Clock Pessimism Removal (CPR):    0.441ns
  Clock Uncertainty:      0.035ns  ((TSJ^2 + TIJ^2)^1/2 + DJ) / 2 + PE
    Total System Jitter     (TSJ):    0.071ns
    Total Input Jitter      (TIJ):    0.000ns
    Discrete Jitter          (DJ):    0.000ns
    Phase Error              (PE):    0.000ns

    Location             Delay type                Incr(ns)  Path(ns)    Netlist Resource(s)
  -------------------------------------------------------------------    -------------------
                         (clock sys_clk rise edge)    0.000     0.000 r  
    K19                                               0.000     0.000 r  clk (IN)
                         net (fo=0)                   0.000     0.000    clk
    K19                  IBUF (Prop_ibuf_I_O)         0.870     0.870 r  clk_IBUF_inst/O
                         net (fo=1, routed)           1.873     2.743    clk_IBUF
    BUFGCTRL_X0Y16       BUFG (Prop_bufg_I_O)         0.085     2.828 r  clk_IBUF_BUFG_inst/O
                         net (fo=233, routed)         1.518     4.346    clk_IBUF_BUFG
    SLICE_X102Y35        FDCE                                         r  x2_reg_reg[15]/C
  -------------------------------------------------------------------    -------------------
    SLICE_X102Y35        FDCE (Prop_fdce_C_Q)         0.398     4.744 r  x2_reg_reg[15]/Q
                         net (fo=15, routed)          0.742     5.486    x2_reg[15]
    DSP48_X4Y14          DSP48E1                                      r  p20/A[19]
  -------------------------------------------------------------------    -------------------

                         (clock sys_clk rise edge)    5.000     5.000 r  
    K19                                               0.000     5.000 r  clk (IN)
                         net (fo=0)                   0.000     5.000    clk
    K19                  IBUF (Prop_ibuf_I_O)         0.739     5.739 r  clk_IBUF_inst/O
                         net (fo=1, routed)           1.701     7.440    clk_IBUF
    BUFGCTRL_X0Y16       BUFG (Prop_bufg_I_O)         0.077     7.517 r  clk_IBUF_BUFG_inst/O
                         net (fo=233, routed)         1.444     8.962    clk_IBUF_BUFG
    DSP48_X4Y14          DSP48E1                                      r  p20/CLK
                         clock pessimism              0.441     9.402    
                         clock uncertainty           -0.035     9.367    
    DSP48_X4Y14          DSP48E1 (Setup_dsp48e1_CLK_A[19])
                                                     -3.259     6.108    p20
  -------------------------------------------------------------------
                         required time                          6.108    
                         arrival time                          -5.486    
  -------------------------------------------------------------------
                         slack                                  0.622    

Slack (MET) :             0.650ns  (required time - arrival time)
  Source:                 x1_reg_reg[15]/C
                            (rising edge-triggered cell FDCE clocked by sys_clk  {rise@0.000ns fall@2.500ns period=5.000ns})
  Destination:            p10/A[24]
                            (rising edge-triggered cell DSP48E1 clocked by sys_clk  {rise@0.000ns fall@2.500ns period=5.000ns})
  Path Group:             sys_clk
  Path Type:              Setup (Max at Slow Process Corner)
  Requirement:            5.000ns  (sys_clk rise@5.000ns - sys_clk rise@0.000ns)
  Data Path Delay:        1.199ns  (logic 0.433ns (36.117%)  route 0.766ns (63.883%))
  Logic Levels:           0  
  Clock Path Skew:        0.017ns (DCD - SCD + CPR)
    Destination Clock Delay (DCD):    3.960ns = ( 8.960 - 5.000 ) 
    Source Clock Delay      (SCD):    4.350ns
    Clock Pessimism Removal (CPR):    0.407ns
  Clock Uncertainty:      0.035ns  ((TSJ^2 + TIJ^2)^1/2 + DJ) / 2 + PE
    Total System Jitter     (TSJ):    0.071ns
    Total Input Jitter      (TIJ):    0.000ns
    Discrete Jitter          (DJ):    0.000ns
    Phase Error              (PE):    0.000ns

    Location             Delay type                Incr(ns)  Path(ns)    Netlist Resource(s)
  -------------------------------------------------------------------    -------------------
                         (clock sys_clk rise edge)    0.000     0.000 r  
    K19                                               0.000     0.000 r  clk (IN)
                         net (fo=0)                   0.000     0.000    clk
    K19                  IBUF (Prop_ibuf_I_O)         0.870     0.870 r  clk_IBUF_inst/O
                         net (fo=1, routed)           1.873     2.743    clk_IBUF
    BUFGCTRL_X0Y16       BUFG (Prop_bufg_I_O)         0.085     2.828 r  clk_IBUF_BUFG_inst/O
                         net (fo=233, routed)         1.522     4.350    clk_IBUF_BUFG
    SLICE_X96Y40         FDCE                                         r  x1_reg_reg[15]/C
  -------------------------------------------------------------------    -------------------
    SLICE_X96Y40         FDCE (Prop_fdce_C_Q)         0.433     4.783 r  x1_reg_reg[15]/Q
                         net (fo=15, routed)          0.766     5.549    x1_reg[15]
    DSP48_X3Y15          DSP48E1                                      r  p10/A[24]
  -------------------------------------------------------------------    -------------------

                         (clock sys_clk rise edge)    5.000     5.000 r  
    K19                                               0.000     5.000 r  clk (IN)
                         net (fo=0)                   0.000     5.000    clk
    K19                  IBUF (Prop_ibuf_I_O)         0.739     5.739 r  clk_IBUF_inst/O
                         net (fo=1, routed)           1.701     7.440    clk_IBUF
    BUFGCTRL_X0Y16       BUFG (Prop_bufg_I_O)         0.077     7.517 r  clk_IBUF_BUFG_inst/O
                         net (fo=233, routed)         1.442     8.960    clk_IBUF_BUFG
    DSP48_X3Y15          DSP48E1                                      r  p10/CLK
                         clock pessimism              0.407     9.366    
                         clock uncertainty           -0.035     9.331    
    DSP48_X3Y15          DSP48E1 (Setup_dsp48e1_CLK_A[24])
                                                     -3.132     6.199    p10
  -------------------------------------------------------------------
                         required time                          6.199    
                         arrival time                          -5.549    
  -------------------------------------------------------------------
                         slack                                  0.650    

Slack (MET) :             0.650ns  (required time - arrival time)
  Source:                 x1_reg_reg[15]/C
                            (rising edge-triggered cell FDCE clocked by sys_clk  {rise@0.000ns fall@2.500ns period=5.000ns})
  Destination:            p10/A[25]
                            (rising edge-triggered cell DSP48E1 clocked by sys_clk  {rise@0.000ns fall@2.500ns period=5.000ns})
  Path Group:             sys_clk
  Path Type:              Setup (Max at Slow Process Corner)
  Requirement:            5.000ns  (sys_clk rise@5.000ns - sys_clk rise@0.000ns)
  Data Path Delay:        1.199ns  (logic 0.433ns (36.117%)  route 0.766ns (63.883%))
  Logic Levels:           0  
  Clock Path Skew:        0.017ns (DCD - SCD + CPR)
    Destination Clock Delay (DCD):    3.960ns = ( 8.960 - 5.000 ) 
    Source Clock Delay      (SCD):    4.350ns
    Clock Pessimism Removal (CPR):    0.407ns
  Clock Uncertainty:      0.035ns  ((TSJ^2 + TIJ^2)^1/2 + DJ) / 2 + PE
    Total System Jitter     (TSJ):    0.071ns
    Total Input Jitter      (TIJ):    0.000ns
    Discrete Jitter          (DJ):    0.000ns
    Phase Error              (PE):    0.000ns

    Location             Delay type                Incr(ns)  Path(ns)    Netlist Resource(s)
  -------------------------------------------------------------------    -------------------
                         (clock sys_clk rise edge)    0.000     0.000 r  
    K19                                               0.000     0.000 r  clk (IN)
                         net (fo=0)                   0.000     0.000    clk
    K19                  IBUF (Prop_ibuf_I_O)         0.870     0.870 r  clk_IBUF_inst/O
                         net (fo=1, routed)           1.873     2.743    clk_IBUF
    BUFGCTRL_X0Y16       BUFG (Prop_bufg_I_O)         0.085     2.828 r  clk_IBUF_BUFG_inst/O
                         net (fo=233, routed)         1.522     4.350    clk_IBUF_BUFG
    SLICE_X96Y40         FDCE                                         r  x1_reg_reg[15]/C
  -------------------------------------------------------------------    -------------------
    SLICE_X96Y40         FDCE (Prop_fdce_C_Q)         0.433     4.783 r  x1_reg_reg[15]/Q
                         net (fo=15, routed)          0.766     5.549    x1_reg[15]
    DSP48_X3Y15          DSP48E1                                      r  p10/A[25]
  -------------------------------------------------------------------    -------------------

                         (clock sys_clk rise edge)    5.000     5.000 r  
    K19                                               0.000     5.000 r  clk (IN)
                         net (fo=0)                   0.000     5.000    clk
    K19                  IBUF (Prop_ibuf_I_O)         0.739     5.739 r  clk_IBUF_inst/O
                         net (fo=1, routed)           1.701     7.440    clk_IBUF
    BUFGCTRL_X0Y16       BUFG (Prop_bufg_I_O)         0.077     7.517 r  clk_IBUF_BUFG_inst/O
                         net (fo=233, routed)         1.442     8.960    clk_IBUF_BUFG
    DSP48_X3Y15          DSP48E1                                      r  p10/CLK
                         clock pessimism              0.407     9.366    
                         clock uncertainty           -0.035     9.331    
    DSP48_X3Y15          DSP48E1 (Setup_dsp48e1_CLK_A[25])
                                                     -3.132     6.199    p10
  -------------------------------------------------------------------
                         required time                          6.199    
                         arrival time                          -5.549    
  -------------------------------------------------------------------
                         slack                                  0.650    

Slack (MET) :             0.675ns  (required time - arrival time)
  Source:                 x0_reg_reg[15]/C
                            (rising edge-triggered cell FDCE clocked by sys_clk  {rise@0.000ns fall@2.500ns period=5.000ns})
  Destination:            p00/A[24]
                            (rising edge-triggered cell DSP48E1 clocked by sys_clk  {rise@0.000ns fall@2.500ns period=5.000ns})
  Path Group:             sys_clk
  Path Type:              Setup (Max at Slow Process Corner)
  Requirement:            5.000ns  (sys_clk rise@5.000ns - sys_clk rise@0.000ns)
  Data Path Delay:        1.047ns  (logic 0.398ns (37.995%)  route 0.649ns (62.005%))
  Logic Levels:           0  
  Clock Path Skew:        0.017ns (DCD - SCD + CPR)
    Destination Clock Delay (DCD):    3.959ns = ( 8.959 - 5.000 ) 
    Source Clock Delay      (SCD):    4.349ns
    Clock Pessimism Removal (CPR):    0.407ns
  Clock Uncertainty:      0.035ns  ((TSJ^2 + TIJ^2)^1/2 + DJ) / 2 + PE
    Total System Jitter     (TSJ):    0.071ns
    Total Input Jitter      (TIJ):    0.000ns
    Discrete Jitter          (DJ):    0.000ns
    Phase Error              (PE):    0.000ns

    Location             Delay type                Incr(ns)  Path(ns)    Netlist Resource(s)
  -------------------------------------------------------------------    -------------------
                         (clock sys_clk rise edge)    0.000     0.000 r  
    K19                                               0.000     0.000 r  clk (IN)
                         net (fo=0)                   0.000     0.000    clk
    K19                  IBUF (Prop_ibuf_I_O)         0.870     0.870 r  clk_IBUF_inst/O
                         net (fo=1, routed)           1.873     2.743    clk_IBUF
    BUFGCTRL_X0Y16       BUFG (Prop_bufg_I_O)         0.085     2.828 r  clk_IBUF_BUFG_inst/O
                         net (fo=233, routed)         1.521     4.349    clk_IBUF_BUFG
    SLICE_X94Y39         FDCE                                         r  x0_reg_reg[15]/C
  -------------------------------------------------------------------    -------------------
    SLICE_X94Y39         FDCE (Prop_fdce_C_Q)         0.398     4.747 r  x0_reg_reg[15]/Q
                         net (fo=15, routed)          0.649     5.396    x0_reg[15]
    DSP48_X3Y14          DSP48E1                                      r  p00/A[24]
  -------------------------------------------------------------------    -------------------

                         (clock sys_clk rise edge)    5.000     5.000 r  
    K19                                               0.000     5.000 r  clk (IN)
                         net (fo=0)                   0.000     5.000    clk
    K19                  IBUF (Prop_ibuf_I_O)         0.739     5.739 r  clk_IBUF_inst/O
                         net (fo=1, routed)           1.701     7.440    clk_IBUF
    BUFGCTRL_X0Y16       BUFG (Prop_bufg_I_O)         0.077     7.517 r  clk_IBUF_BUFG_inst/O
                         net (fo=233, routed)         1.441     8.959    clk_IBUF_BUFG
    DSP48_X3Y14          DSP48E1                                      r  p00/CLK
                         clock pessimism              0.407     9.365    
                         clock uncertainty           -0.035     9.330    
    DSP48_X3Y14          DSP48E1 (Setup_dsp48e1_CLK_A[24])
                                                     -3.259     6.071    p00
  -------------------------------------------------------------------
                         required time                          6.071    
                         arrival time                          -5.396    
  -------------------------------------------------------------------
                         slack                                  0.675    

Slack (MET) :             0.675ns  (required time - arrival time)
  Source:                 x0_reg_reg[15]/C
                            (rising edge-triggered cell FDCE clocked by sys_clk  {rise@0.000ns fall@2.500ns period=5.000ns})
  Destination:            p00/A[25]
                            (rising edge-triggered cell DSP48E1 clocked by sys_clk  {rise@0.000ns fall@2.500ns period=5.000ns})
  Path Group:             sys_clk
  Path Type:              Setup (Max at Slow Process Corner)
  Requirement:            5.000ns  (sys_clk rise@5.000ns - sys_clk rise@0.000ns)
  Data Path Delay:        1.047ns  (logic 0.398ns (37.995%)  route 0.649ns (62.005%))
  Logic Levels:           0  
  Clock Path Skew:        0.017ns (DCD - SCD + CPR)
    Destination Clock Delay (DCD):    3.959ns = ( 8.959 - 5.000 ) 
    Source Clock Delay      (SCD):    4.349ns
    Clock Pessimism Removal (CPR):    0.407ns
  Clock Uncertainty:      0.035ns  ((TSJ^2 + TIJ^2)^1/2 + DJ) / 2 + PE
    Total System Jitter     (TSJ):    0.071ns
    Total Input Jitter      (TIJ):    0.000ns
    Discrete Jitter          (DJ):    0.000ns
    Phase Error              (PE):    0.000ns

    Location             Delay type                Incr(ns)  Path(ns)    Netlist Resource(s)
  -------------------------------------------------------------------    -------------------
                         (clock sys_clk rise edge)    0.000     0.000 r  
    K19                                               0.000     0.000 r  clk (IN)
                         net (fo=0)                   0.000     0.000    clk
    K19                  IBUF (Prop_ibuf_I_O)         0.870     0.870 r  clk_IBUF_inst/O
                         net (fo=1, routed)           1.873     2.743    clk_IBUF
    BUFGCTRL_X0Y16       BUFG (Prop_bufg_I_O)         0.085     2.828 r  clk_IBUF_BUFG_inst/O
                         net (fo=233, routed)         1.521     4.349    clk_IBUF_BUFG
    SLICE_X94Y39         FDCE                                         r  x0_reg_reg[15]/C
  -------------------------------------------------------------------    -------------------
    SLICE_X94Y39         FDCE (Prop_fdce_C_Q)         0.398     4.747 r  x0_reg_reg[15]/Q
                         net (fo=15, routed)          0.649     5.396    x0_reg[15]
    DSP48_X3Y14          DSP48E1                                      r  p00/A[25]
  -------------------------------------------------------------------    -------------------

                         (clock sys_clk rise edge)    5.000     5.000 r  
    K19                                               0.000     5.000 r  clk (IN)
                         net (fo=0)                   0.000     5.000    clk
    K19                  IBUF (Prop_ibuf_I_O)         0.739     5.739 r  clk_IBUF_inst/O
                         net (fo=1, routed)           1.701     7.440    clk_IBUF
    BUFGCTRL_X0Y16       BUFG (Prop_bufg_I_O)         0.077     7.517 r  clk_IBUF_BUFG_inst/O
                         net (fo=233, routed)         1.441     8.959    clk_IBUF_BUFG
    DSP48_X3Y14          DSP48E1                                      r  p00/CLK
                         clock pessimism              0.407     9.365    
                         clock uncertainty           -0.035     9.330    
    DSP48_X3Y14          DSP48E1 (Setup_dsp48e1_CLK_A[25])
                                                     -3.259     6.071    p00
  -------------------------------------------------------------------
                         required time                          6.071    
                         arrival time                          -5.396    
  -------------------------------------------------------------------
                         slack                                  0.675    

Slack (MET) :             0.675ns  (required time - arrival time)
  Source:                 x0_reg_reg[15]/C
                            (rising edge-triggered cell FDCE clocked by sys_clk  {rise@0.000ns fall@2.500ns period=5.000ns})
  Destination:            p00/A[26]
                            (rising edge-triggered cell DSP48E1 clocked by sys_clk  {rise@0.000ns fall@2.500ns period=5.000ns})
  Path Group:             sys_clk
  Path Type:              Setup (Max at Slow Process Corner)
  Requirement:            5.000ns  (sys_clk rise@5.000ns - sys_clk rise@0.000ns)
  Data Path Delay:        1.047ns  (logic 0.398ns (37.995%)  route 0.649ns (62.005%))
  Logic Levels:           0  
  Clock Path Skew:        0.017ns (DCD - SCD + CPR)
    Destination Clock Delay (DCD):    3.959ns = ( 8.959 - 5.000 ) 
    Source Clock Delay      (SCD):    4.349ns
    Clock Pessimism Removal (CPR):    0.407ns
  Clock Uncertainty:      0.035ns  ((TSJ^2 + TIJ^2)^1/2 + DJ) / 2 + PE
    Total System Jitter     (TSJ):    0.071ns
    Total Input Jitter      (TIJ):    0.000ns
    Discrete Jitter          (DJ):    0.000ns
    Phase Error              (PE):    0.000ns

    Location             Delay type                Incr(ns)  Path(ns)    Netlist Resource(s)
  -------------------------------------------------------------------    -------------------
                         (clock sys_clk rise edge)    0.000     0.000 r  
    K19                                               0.000     0.000 r  clk (IN)
                         net (fo=0)                   0.000     0.000    clk
    K19                  IBUF (Prop_ibuf_I_O)         0.870     0.870 r  clk_IBUF_inst/O
                         net (fo=1, routed)           1.873     2.743    clk_IBUF
    BUFGCTRL_X0Y16       BUFG (Prop_bufg_I_O)         0.085     2.828 r  clk_IBUF_BUFG_inst/O
                         net (fo=233, routed)         1.521     4.349    clk_IBUF_BUFG
    SLICE_X94Y39         FDCE                                         r  x0_reg_reg[15]/C
  -------------------------------------------------------------------    -------------------
    SLICE_X94Y39         FDCE (Prop_fdce_C_Q)         0.398     4.747 r  x0_reg_reg[15]/Q
                         net (fo=15, routed)          0.649     5.396    x0_reg[15]
    DSP48_X3Y14          DSP48E1                                      r  p00/A[26]
  -------------------------------------------------------------------    -------------------

                         (clock sys_clk rise edge)    5.000     5.000 r  
    K19                                               0.000     5.000 r  clk (IN)
                         net (fo=0)                   0.000     5.000    clk
    K19                  IBUF (Prop_ibuf_I_O)         0.739     5.739 r  clk_IBUF_inst/O
                         net (fo=1, routed)           1.701     7.440    clk_IBUF
    BUFGCTRL_X0Y16       BUFG (Prop_bufg_I_O)         0.077     7.517 r  clk_IBUF_BUFG_inst/O
                         net (fo=233, routed)         1.441     8.959    clk_IBUF_BUFG
    DSP48_X3Y14          DSP48E1                                      r  p00/CLK
                         clock pessimism              0.407     9.365    
                         clock uncertainty           -0.035     9.330    
    DSP48_X3Y14          DSP48E1 (Setup_dsp48e1_CLK_A[26])
                                                     -3.259     6.071    p00
  -------------------------------------------------------------------
                         required time                          6.071    
                         arrival time                          -5.396    
  -------------------------------------------------------------------
                         slack                                  0.675    

Slack (MET) :             0.681ns  (required time - arrival time)
  Source:                 x0_reg_reg[15]/C
                            (rising edge-triggered cell FDCE clocked by sys_clk  {rise@0.000ns fall@2.500ns period=5.000ns})
  Destination:            p00/A[22]
                            (rising edge-triggered cell DSP48E1 clocked by sys_clk  {rise@0.000ns fall@2.500ns period=5.000ns})
  Path Group:             sys_clk
  Path Type:              Setup (Max at Slow Process Corner)
  Requirement:            5.000ns  (sys_clk rise@5.000ns - sys_clk rise@0.000ns)
  Data Path Delay:        1.042ns  (logic 0.398ns (38.205%)  route 0.644ns (61.795%))
  Logic Levels:           0  
  Clock Path Skew:        0.017ns (DCD - SCD + CPR)
    Destination Clock Delay (DCD):    3.959ns = ( 8.959 - 5.000 ) 
    Source Clock Delay      (SCD):    4.349ns
    Clock Pessimism Removal (CPR):    0.407ns
  Clock Uncertainty:      0.035ns  ((TSJ^2 + TIJ^2)^1/2 + DJ) / 2 + PE
    Total System Jitter     (TSJ):    0.071ns
    Total Input Jitter      (TIJ):    0.000ns
    Discrete Jitter          (DJ):    0.000ns
    Phase Error              (PE):    0.000ns

    Location             Delay type                Incr(ns)  Path(ns)    Netlist Resource(s)
  -------------------------------------------------------------------    -------------------
                         (clock sys_clk rise edge)    0.000     0.000 r  
    K19                                               0.000     0.000 r  clk (IN)
                         net (fo=0)                   0.000     0.000    clk
    K19                  IBUF (Prop_ibuf_I_O)         0.870     0.870 r  clk_IBUF_inst/O
                         net (fo=1, routed)           1.873     2.743    clk_IBUF
    BUFGCTRL_X0Y16       BUFG (Prop_bufg_I_O)         0.085     2.828 r  clk_IBUF_BUFG_inst/O
                         net (fo=233, routed)         1.521     4.349    clk_IBUF_BUFG
    SLICE_X94Y39         FDCE                                         r  x0_reg_reg[15]/C
  -------------------------------------------------------------------    -------------------
    SLICE_X94Y39         FDCE (Prop_fdce_C_Q)         0.398     4.747 r  x0_reg_reg[15]/Q
                         net (fo=15, routed)          0.644     5.390    x0_reg[15]
    DSP48_X3Y14          DSP48E1                                      r  p00/A[22]
  -------------------------------------------------------------------    -------------------

                         (clock sys_clk rise edge)    5.000     5.000 r  
    K19                                               0.000     5.000 r  clk (IN)
                         net (fo=0)                   0.000     5.000    clk
    K19                  IBUF (Prop_ibuf_I_O)         0.739     5.739 r  clk_IBUF_inst/O
                         net (fo=1, routed)           1.701     7.440    clk_IBUF
    BUFGCTRL_X0Y16       BUFG (Prop_bufg_I_O)         0.077     7.517 r  clk_IBUF_BUFG_inst/O
                         net (fo=233, routed)         1.441     8.959    clk_IBUF_BUFG
    DSP48_X3Y14          DSP48E1                                      r  p00/CLK
                         clock pessimism              0.407     9.365    
                         clock uncertainty           -0.035     9.330    
    DSP48_X3Y14          DSP48E1 (Setup_dsp48e1_CLK_A[22])
                                                     -3.259     6.071    p00
  -------------------------------------------------------------------
                         required time                          6.071    
                         arrival time                          -5.390    
  -------------------------------------------------------------------
                         slack                                  0.681    





Min Delay Paths
--------------------------------------------------------------------------------------
Slack (MET) :             0.211ns  (arrival time - required time)
  Source:                 sum23_reg[13]/C
                            (rising edge-triggered cell FDCE clocked by sys_clk  {rise@0.000ns fall@2.500ns period=5.000ns})
  Destination:            result_reg[13]/D
                            (rising edge-triggered cell FDCE clocked by sys_clk  {rise@0.000ns fall@2.500ns period=5.000ns})
  Path Group:             sys_clk
  Path Type:              Hold (Min at Fast Process Corner)
  Requirement:            0.000ns  (sys_clk rise@0.000ns - sys_clk rise@0.000ns)
  Data Path Delay:        0.381ns  (logic 0.252ns (66.101%)  route 0.129ns (33.899%))
  Logic Levels:           2  (CARRY4=1 LUT2=1)
  Clock Path Skew:        0.036ns (DCD - SCD - CPR)
    Destination Clock Delay (DCD):    1.995ns
    Source Clock Delay      (SCD):    1.477ns
    Clock Pessimism Removal (CPR):    0.482ns

    Location             Delay type                Incr(ns)  Path(ns)    Netlist Resource(s)
  -------------------------------------------------------------------    -------------------
                         (clock sys_clk rise edge)    0.000     0.000 r  
    K19                                               0.000     0.000 r  clk (IN)
                         net (fo=0)                   0.000     0.000    clk
    K19                  IBUF (Prop_ibuf_I_O)         0.167     0.167 r  clk_IBUF_inst/O
                         net (fo=1, routed)           0.674     0.841    clk_IBUF
    BUFGCTRL_X0Y16       BUFG (Prop_bufg_I_O)         0.026     0.867 r  clk_IBUF_BUFG_inst/O
                         net (fo=233, routed)         0.611     1.477    clk_IBUF_BUFG
    SLICE_X95Y38         FDCE                                         r  sum23_reg[13]/C
  -------------------------------------------------------------------    -------------------
    SLICE_X95Y38         FDCE (Prop_fdce_C_Q)         0.141     1.618 r  sum23_reg[13]/Q
                         net (fo=1, routed)           0.129     1.748    sum23[13]
    SLICE_X92Y38         LUT2 (Prop_lut2_I1_O)        0.045     1.793 r  result[15]_i_4/O
                         net (fo=1, routed)           0.000     1.793    result[15]_i_4_n_0
    SLICE_X92Y38         CARRY4 (Prop_carry4_S[1]_O[1])
                                                      0.066     1.859 r  result_reg[15]_i_1/O[1]
                         net (fo=1, routed)           0.000     1.859    result_reg[15]_i_1_n_6
    SLICE_X92Y38         FDCE                                         r  result_reg[13]/D
  -------------------------------------------------------------------    -------------------

                         (clock sys_clk rise edge)    0.000     0.000 r  
    K19                                               0.000     0.000 r  clk (IN)
                         net (fo=0)                   0.000     0.000    clk
    K19                  IBUF (Prop_ibuf_I_O)         0.355     0.355 r  clk_IBUF_inst/O
                         net (fo=1, routed)           0.731     1.086    clk_IBUF
    BUFGCTRL_X0Y16       BUFG (Prop_bufg_I_O)         0.029     1.115 r  clk_IBUF_BUFG_inst/O
                         net (fo=233, routed)         0.880     1.995    clk_IBUF_BUFG
    SLICE_X92Y38         FDCE                                         r  result_reg[13]/C
                         clock pessimism             -0.482     1.513    
    SLICE_X92Y38         FDCE (Hold_fdce_C_D)         0.134     1.647    result_reg[13]
  -------------------------------------------------------------------
                         required time                         -1.647    
                         arrival time                           1.859    
  -------------------------------------------------------------------
                         slack                                  0.211    

Slack (MET) :             0.211ns  (arrival time - required time)
  Source:                 sum23_reg[17]/C
                            (rising edge-triggered cell FDCE clocked by sys_clk  {rise@0.000ns fall@2.500ns period=5.000ns})
  Destination:            result_reg[17]/D
                            (rising edge-triggered cell FDCE clocked by sys_clk  {rise@0.000ns fall@2.500ns period=5.000ns})
  Path Group:             sys_clk
  Path Type:              Hold (Min at Fast Process Corner)
  Requirement:            0.000ns  (sys_clk rise@0.000ns - sys_clk rise@0.000ns)
  Data Path Delay:        0.381ns  (logic 0.252ns (66.101%)  route 0.129ns (33.899%))
  Logic Levels:           2  (CARRY4=1 LUT2=1)
  Clock Path Skew:        0.036ns (DCD - SCD - CPR)
    Destination Clock Delay (DCD):    1.995ns
    Source Clock Delay      (SCD):    1.477ns
    Clock Pessimism Removal (CPR):    0.482ns

    Location             Delay type                Incr(ns)  Path(ns)    Netlist Resource(s)
  -------------------------------------------------------------------    -------------------
                         (clock sys_clk rise edge)    0.000     0.000 r  
    K19                                               0.000     0.000 r  clk (IN)
                         net (fo=0)                   0.000     0.000    clk
    K19                  IBUF (Prop_ibuf_I_O)         0.167     0.167 r  clk_IBUF_inst/O
                         net (fo=1, routed)           0.674     0.841    clk_IBUF
    BUFGCTRL_X0Y16       BUFG (Prop_bufg_I_O)         0.026     0.867 r  clk_IBUF_BUFG_inst/O
                         net (fo=233, routed)         0.611     1.477    clk_IBUF_BUFG
    SLICE_X95Y39         FDCE                                         r  sum23_reg[17]/C
  -------------------------------------------------------------------    -------------------
    SLICE_X95Y39         FDCE (Prop_fdce_C_Q)         0.141     1.618 r  sum23_reg[17]/Q
                         net (fo=1, routed)           0.129     1.748    sum23[17]
    SLICE_X92Y39         LUT2 (Prop_lut2_I1_O)        0.045     1.793 r  result[19]_i_4/O
                         net (fo=1, routed)           0.000     1.793    result[19]_i_4_n_0
    SLICE_X92Y39         CARRY4 (Prop_carry4_S[1]_O[1])
                                                      0.066     1.859 r  result_reg[19]_i_1/O[1]
                         net (fo=1, routed)           0.000     1.859    result_reg[19]_i_1_n_6
    SLICE_X92Y39         FDCE                                         r  result_reg[17]/D
  -------------------------------------------------------------------    -------------------

                         (clock sys_clk rise edge)    0.000     0.000 r  
    K19                                               0.000     0.000 r  clk (IN)
                         net (fo=0)                   0.000     0.000    clk
    K19                  IBUF (Prop_ibuf_I_O)         0.355     0.355 r  clk_IBUF_inst/O
                         net (fo=1, routed)           0.731     1.086    clk_IBUF
    BUFGCTRL_X0Y16       BUFG (Prop_bufg_I_O)         0.029     1.115 r  clk_IBUF_BUFG_inst/O
                         net (fo=233, routed)         0.880     1.995    clk_IBUF_BUFG
    SLICE_X92Y39         FDCE                                         r  result_reg[17]/C
                         clock pessimism             -0.482     1.513    
    SLICE_X92Y39         FDCE (Hold_fdce_C_D)         0.134     1.647    result_reg[17]
  -------------------------------------------------------------------
                         required time                         -1.647    
                         arrival time                           1.859    
  -------------------------------------------------------------------
                         slack                                  0.211    

Slack (MET) :             0.211ns  (arrival time - required time)
  Source:                 sum23_reg[21]/C
                            (rising edge-triggered cell FDCE clocked by sys_clk  {rise@0.000ns fall@2.500ns period=5.000ns})
  Destination:            result_reg[21]/D
                            (rising edge-triggered cell FDCE clocked by sys_clk  {rise@0.000ns fall@2.500ns period=5.000ns})
  Path Group:             sys_clk
  Path Type:              Hold (Min at Fast Process Corner)
  Requirement:            0.000ns  (sys_clk rise@0.000ns - sys_clk rise@0.000ns)
  Data Path Delay:        0.381ns  (logic 0.252ns (66.101%)  route 0.129ns (33.899%))
  Logic Levels:           2  (CARRY4=1 LUT2=1)
  Clock Path Skew:        0.036ns (DCD - SCD - CPR)
    Destination Clock Delay (DCD):    1.996ns
    Source Clock Delay      (SCD):    1.478ns
    Clock Pessimism Removal (CPR):    0.482ns

    Location             Delay type                Incr(ns)  Path(ns)    Netlist Resource(s)
  -------------------------------------------------------------------    -------------------
                         (clock sys_clk rise edge)    0.000     0.000 r  
    K19                                               0.000     0.000 r  clk (IN)
                         net (fo=0)                   0.000     0.000    clk
    K19                  IBUF (Prop_ibuf_I_O)         0.167     0.167 r  clk_IBUF_inst/O
                         net (fo=1, routed)           0.674     0.841    clk_IBUF
    BUFGCTRL_X0Y16       BUFG (Prop_bufg_I_O)         0.026     0.867 r  clk_IBUF_BUFG_inst/O
                         net (fo=233, routed)         0.612     1.478    clk_IBUF_BUFG
    SLICE_X95Y40         FDCE                                         r  sum23_reg[21]/C
  -------------------------------------------------------------------    -------------------
    SLICE_X95Y40         FDCE (Prop_fdce_C_Q)         0.141     1.619 r  sum23_reg[21]/Q
                         net (fo=1, routed)           0.129     1.749    sum23[21]
    SLICE_X92Y40         LUT2 (Prop_lut2_I1_O)        0.045     1.794 r  result[23]_i_4/O
                         net (fo=1, routed)           0.000     1.794    result[23]_i_4_n_0
    SLICE_X92Y40         CARRY4 (Prop_carry4_S[1]_O[1])
                                                      0.066     1.860 r  result_reg[23]_i_1/O[1]
                         net (fo=1, routed)           0.000     1.860    result_reg[23]_i_1_n_6
    SLICE_X92Y40         FDCE                                         r  result_reg[21]/D
  -------------------------------------------------------------------    -------------------

                         (clock sys_clk rise edge)    0.000     0.000 r  
    K19                                               0.000     0.000 r  clk (IN)
                         net (fo=0)                   0.000     0.000    clk
    K19                  IBUF (Prop_ibuf_I_O)         0.355     0.355 r  clk_IBUF_inst/O
                         net (fo=1, routed)           0.731     1.086    clk_IBUF
    BUFGCTRL_X0Y16       BUFG (Prop_bufg_I_O)         0.029     1.115 r  clk_IBUF_BUFG_inst/O
                         net (fo=233, routed)         0.881     1.996    clk_IBUF_BUFG
    SLICE_X92Y40         FDCE                                         r  result_reg[21]/C
                         clock pessimism             -0.482     1.514    
    SLICE_X92Y40         FDCE (Hold_fdce_C_D)         0.134     1.648    result_reg[21]
  -------------------------------------------------------------------
                         required time                         -1.648    
                         arrival time                           1.860    
  -------------------------------------------------------------------
                         slack                                  0.211    

Slack (MET) :             0.211ns  (arrival time - required time)
  Source:                 sum23_reg[25]/C
                            (rising edge-triggered cell FDCE clocked by sys_clk  {rise@0.000ns fall@2.500ns period=5.000ns})
  Destination:            result_reg[25]/D
                            (rising edge-triggered cell FDCE clocked by sys_clk  {rise@0.000ns fall@2.500ns period=5.000ns})
  Path Group:             sys_clk
  Path Type:              Hold (Min at Fast Process Corner)
  Requirement:            0.000ns  (sys_clk rise@0.000ns - sys_clk rise@0.000ns)
  Data Path Delay:        0.381ns  (logic 0.252ns (66.101%)  route 0.129ns (33.899%))
  Logic Levels:           2  (CARRY4=1 LUT2=1)
  Clock Path Skew:        0.036ns (DCD - SCD - CPR)
    Destination Clock Delay (DCD):    1.996ns
    Source Clock Delay      (SCD):    1.478ns
    Clock Pessimism Removal (CPR):    0.482ns

    Location             Delay type                Incr(ns)  Path(ns)    Netlist Resource(s)
  -------------------------------------------------------------------    -------------------
                         (clock sys_clk rise edge)    0.000     0.000 r  
    K19                                               0.000     0.000 r  clk (IN)
                         net (fo=0)                   0.000     0.000    clk
    K19                  IBUF (Prop_ibuf_I_O)         0.167     0.167 r  clk_IBUF_inst/O
                         net (fo=1, routed)           0.674     0.841    clk_IBUF
    BUFGCTRL_X0Y16       BUFG (Prop_bufg_I_O)         0.026     0.867 r  clk_IBUF_BUFG_inst/O
                         net (fo=233, routed)         0.612     1.478    clk_IBUF_BUFG
    SLICE_X95Y41         FDCE                                         r  sum23_reg[25]/C
  -------------------------------------------------------------------    -------------------
    SLICE_X95Y41         FDCE (Prop_fdce_C_Q)         0.141     1.619 r  sum23_reg[25]/Q
                         net (fo=1, routed)           0.129     1.749    sum23[25]
    SLICE_X92Y41         LUT2 (Prop_lut2_I1_O)        0.045     1.794 r  result[27]_i_4/O
                         net (fo=1, routed)           0.000     1.794    result[27]_i_4_n_0
    SLICE_X92Y41         CARRY4 (Prop_carry4_S[1]_O[1])
                                                      0.066     1.860 r  result_reg[27]_i_1/O[1]
                         net (fo=1, routed)           0.000     1.860    result_reg[27]_i_1_n_6
    SLICE_X92Y41         FDCE                                         r  result_reg[25]/D
  -------------------------------------------------------------------    -------------------

                         (clock sys_clk rise edge)    0.000     0.000 r  
    K19                                               0.000     0.000 r  clk (IN)
                         net (fo=0)                   0.000     0.000    clk
    K19                  IBUF (Prop_ibuf_I_O)         0.355     0.355 r  clk_IBUF_inst/O
                         net (fo=1, routed)           0.731     1.086    clk_IBUF
    BUFGCTRL_X0Y16       BUFG (Prop_bufg_I_O)         0.029     1.115 r  clk_IBUF_BUFG_inst/O
                         net (fo=233, routed)         0.881     1.996    clk_IBUF_BUFG
    SLICE_X92Y41         FDCE                                         r  result_reg[25]/C
                         clock pessimism             -0.482     1.514    
    SLICE_X92Y41         FDCE (Hold_fdce_C_D)         0.134     1.648    result_reg[25]
  -------------------------------------------------------------------
                         required time                         -1.648    
                         arrival time                           1.860    
  -------------------------------------------------------------------
                         slack                                  0.211    

Slack (MET) :             0.211ns  (arrival time - required time)
  Source:                 sum23_reg[29]/C
                            (rising edge-triggered cell FDCE clocked by sys_clk  {rise@0.000ns fall@2.500ns period=5.000ns})
  Destination:            result_reg[29]/D
                            (rising edge-triggered cell FDCE clocked by sys_clk  {rise@0.000ns fall@2.500ns period=5.000ns})
  Path Group:             sys_clk
  Path Type:              Hold (Min at Fast Process Corner)
  Requirement:            0.000ns  (sys_clk rise@0.000ns - sys_clk rise@0.000ns)
  Data Path Delay:        0.381ns  (logic 0.252ns (66.101%)  route 0.129ns (33.899%))
  Logic Levels:           2  (CARRY4=1 LUT2=1)
  Clock Path Skew:        0.036ns (DCD - SCD - CPR)
    Destination Clock Delay (DCD):    1.996ns
    Source Clock Delay      (SCD):    1.478ns
    Clock Pessimism Removal (CPR):    0.482ns

    Location             Delay type                Incr(ns)  Path(ns)    Netlist Resource(s)
  -------------------------------------------------------------------    -------------------
                         (clock sys_clk rise edge)    0.000     0.000 r  
    K19                                               0.000     0.000 r  clk (IN)
                         net (fo=0)                   0.000     0.000    clk
    K19                  IBUF (Prop_ibuf_I_O)         0.167     0.167 r  clk_IBUF_inst/O
                         net (fo=1, routed)           0.674     0.841    clk_IBUF
    BUFGCTRL_X0Y16       BUFG (Prop_bufg_I_O)         0.026     0.867 r  clk_IBUF_BUFG_inst/O
                         net (fo=233, routed)         0.612     1.478    clk_IBUF_BUFG
    SLICE_X95Y42         FDCE                                         r  sum23_reg[29]/C
  -------------------------------------------------------------------    -------------------
    SLICE_X95Y42         FDCE (Prop_fdce_C_Q)         0.141     1.619 r  sum23_reg[29]/Q
                         net (fo=1, routed)           0.129     1.749    sum23[29]
    SLICE_X92Y42         LUT2 (Prop_lut2_I1_O)        0.045     1.794 r  result[31]_i_4/O
                         net (fo=1, routed)           0.000     1.794    result[31]_i_4_n_0
    SLICE_X92Y42         CARRY4 (Prop_carry4_S[1]_O[1])
                                                      0.066     1.860 r  result_reg[31]_i_1/O[1]
                         net (fo=1, routed)           0.000     1.860    result_reg[31]_i_1_n_6
    SLICE_X92Y42         FDCE                                         r  result_reg[29]/D
  -------------------------------------------------------------------    -------------------

                         (clock sys_clk rise edge)    0.000     0.000 r  
    K19                                               0.000     0.000 r  clk (IN)
                         net (fo=0)                   0.000     0.000    clk
    K19                  IBUF (Prop_ibuf_I_O)         0.355     0.355 r  clk_IBUF_inst/O
                         net (fo=1, routed)           0.731     1.086    clk_IBUF
    BUFGCTRL_X0Y16       BUFG (Prop_bufg_I_O)         0.029     1.115 r  clk_IBUF_BUFG_inst/O
                         net (fo=233, routed)         0.881     1.996    clk_IBUF_BUFG
    SLICE_X92Y42         FDCE                                         r  result_reg[29]/C
                         clock pessimism             -0.482     1.514    
    SLICE_X92Y42         FDCE (Hold_fdce_C_D)         0.134     1.648    result_reg[29]
  -------------------------------------------------------------------
                         required time                         -1.648    
                         arrival time                           1.860    
  -------------------------------------------------------------------
                         slack                                  0.211    

Slack (MET) :             0.212ns  (arrival time - required time)
  Source:                 sum23_reg[9]/C
                            (rising edge-triggered cell FDCE clocked by sys_clk  {rise@0.000ns fall@2.500ns period=5.000ns})
  Destination:            result_reg[9]/D
                            (rising edge-triggered cell FDCE clocked by sys_clk  {rise@0.000ns fall@2.500ns period=5.000ns})
  Path Group:             sys_clk
  Path Type:              Hold (Min at Fast Process Corner)
  Requirement:            0.000ns  (sys_clk rise@0.000ns - sys_clk rise@0.000ns)
  Data Path Delay:        0.381ns  (logic 0.252ns (66.101%)  route 0.129ns (33.899%))
  Logic Levels:           2  (CARRY4=1 LUT2=1)
  Clock Path Skew:        0.035ns (DCD - SCD - CPR)
    Destination Clock Delay (DCD):    1.993ns
    Source Clock Delay      (SCD):    1.476ns
    Clock Pessimism Removal (CPR):    0.482ns

    Location             Delay type                Incr(ns)  Path(ns)    Netlist Resource(s)
  -------------------------------------------------------------------    -------------------
                         (clock sys_clk rise edge)    0.000     0.000 r  
    K19                                               0.000     0.000 r  clk (IN)
                         net (fo=0)                   0.000     0.000    clk
    K19                  IBUF (Prop_ibuf_I_O)         0.167     0.167 r  clk_IBUF_inst/O
                         net (fo=1, routed)           0.674     0.841    clk_IBUF
    BUFGCTRL_X0Y16       BUFG (Prop_bufg_I_O)         0.026     0.867 r  clk_IBUF_BUFG_inst/O
                         net (fo=233, routed)         0.610     1.476    clk_IBUF_BUFG
    SLICE_X95Y37         FDCE                                         r  sum23_reg[9]/C
  -------------------------------------------------------------------    -------------------
    SLICE_X95Y37         FDCE (Prop_fdce_C_Q)         0.141     1.617 r  sum23_reg[9]/Q
                         net (fo=1, routed)           0.129     1.747    sum23[9]
    SLICE_X92Y37         LUT2 (Prop_lut2_I1_O)        0.045     1.792 r  result[11]_i_4/O
                         net (fo=1, routed)           0.000     1.792    result[11]_i_4_n_0
    SLICE_X92Y37         CARRY4 (Prop_carry4_S[1]_O[1])
                                                      0.066     1.858 r  result_reg[11]_i_1/O[1]
                         net (fo=1, routed)           0.000     1.858    result_reg[11]_i_1_n_6
    SLICE_X92Y37         FDCE                                         r  result_reg[9]/D
  -------------------------------------------------------------------    -------------------

                         (clock sys_clk rise edge)    0.000     0.000 r  
    K19                                               0.000     0.000 r  clk (IN)
                         net (fo=0)                   0.000     0.000    clk
    K19                  IBUF (Prop_ibuf_I_O)         0.355     0.355 r  clk_IBUF_inst/O
                         net (fo=1, routed)           0.731     1.086    clk_IBUF
    BUFGCTRL_X0Y16       BUFG (Prop_bufg_I_O)         0.029     1.115 r  clk_IBUF_BUFG_inst/O
                         net (fo=233, routed)         0.878     1.993    clk_IBUF_BUFG
    SLICE_X92Y37         FDCE                                         r  result_reg[9]/C
                         clock pessimism             -0.482     1.511    
    SLICE_X92Y37         FDCE (Hold_fdce_C_D)         0.134     1.645    result_reg[9]
  -------------------------------------------------------------------
                         required time                         -1.645    
                         arrival time                           1.858    
  -------------------------------------------------------------------
                         slack                                  0.212    

Slack (MET) :             0.212ns  (arrival time - required time)
  Source:                 sum23_reg[1]/C
                            (rising edge-triggered cell FDCE clocked by sys_clk  {rise@0.000ns fall@2.500ns period=5.000ns})
  Destination:            result_reg[1]/D
                            (rising edge-triggered cell FDCE clocked by sys_clk  {rise@0.000ns fall@2.500ns period=5.000ns})
  Path Group:             sys_clk
  Path Type:              Hold (Min at Fast Process Corner)
  Requirement:            0.000ns  (sys_clk rise@0.000ns - sys_clk rise@0.000ns)
  Data Path Delay:        0.381ns  (logic 0.252ns (66.101%)  route 0.129ns (33.899%))
  Logic Levels:           2  (CARRY4=1 LUT2=1)
  Clock Path Skew:        0.035ns (DCD - SCD - CPR)
    Destination Clock Delay (DCD):    1.992ns
    Source Clock Delay      (SCD):    1.475ns
    Clock Pessimism Removal (CPR):    0.482ns

    Location             Delay type                Incr(ns)  Path(ns)    Netlist Resource(s)
  -------------------------------------------------------------------    -------------------
                         (clock sys_clk rise edge)    0.000     0.000 r  
    K19                                               0.000     0.000 r  clk (IN)
                         net (fo=0)                   0.000     0.000    clk
    K19                  IBUF (Prop_ibuf_I_O)         0.167     0.167 r  clk_IBUF_inst/O
                         net (fo=1, routed)           0.674     0.841    clk_IBUF
    BUFGCTRL_X0Y16       BUFG (Prop_bufg_I_O)         0.026     0.867 r  clk_IBUF_BUFG_inst/O
                         net (fo=233, routed)         0.609     1.475    clk_IBUF_BUFG
    SLICE_X95Y35         FDCE                                         r  sum23_reg[1]/C
  -------------------------------------------------------------------    -------------------
    SLICE_X95Y35         FDCE (Prop_fdce_C_Q)         0.141     1.616 r  sum23_reg[1]/Q
                         net (fo=1, routed)           0.129     1.746    sum23[1]
    SLICE_X92Y35         LUT2 (Prop_lut2_I1_O)        0.045     1.791 r  result[3]_i_4/O
                         net (fo=1, routed)           0.000     1.791    result[3]_i_4_n_0
    SLICE_X92Y35         CARRY4 (Prop_carry4_S[1]_O[1])
                                                      0.066     1.857 r  result_reg[3]_i_1/O[1]
                         net (fo=1, routed)           0.000     1.857    result_reg[3]_i_1_n_6
    SLICE_X92Y35         FDCE                                         r  result_reg[1]/D
  -------------------------------------------------------------------    -------------------

                         (clock sys_clk rise edge)    0.000     0.000 r  
    K19                                               0.000     0.000 r  clk (IN)
                         net (fo=0)                   0.000     0.000    clk
    K19                  IBUF (Prop_ibuf_I_O)         0.355     0.355 r  clk_IBUF_inst/O
                         net (fo=1, routed)           0.731     1.086    clk_IBUF
    BUFGCTRL_X0Y16       BUFG (Prop_bufg_I_O)         0.029     1.115 r  clk_IBUF_BUFG_inst/O
                         net (fo=233, routed)         0.877     1.992    clk_IBUF_BUFG
    SLICE_X92Y35         FDCE                                         r  result_reg[1]/C
                         clock pessimism             -0.482     1.510    
    SLICE_X92Y35         FDCE (Hold_fdce_C_D)         0.134     1.644    result_reg[1]
  -------------------------------------------------------------------
                         required time                         -1.644    
                         arrival time                           1.857    
  -------------------------------------------------------------------
                         slack                                  0.212    

Slack (MET) :             0.212ns  (arrival time - required time)
  Source:                 sum23_reg[5]/C
                            (rising edge-triggered cell FDCE clocked by sys_clk  {rise@0.000ns fall@2.500ns period=5.000ns})
  Destination:            result_reg[5]/D
                            (rising edge-triggered cell FDCE clocked by sys_clk  {rise@0.000ns fall@2.500ns period=5.000ns})
  Path Group:             sys_clk
  Path Type:              Hold (Min at Fast Process Corner)
  Requirement:            0.000ns  (sys_clk rise@0.000ns - sys_clk rise@0.000ns)
  Data Path Delay:        0.381ns  (logic 0.252ns (66.101%)  route 0.129ns (33.899%))
  Logic Levels:           2  (CARRY4=1 LUT2=1)
  Clock Path Skew:        0.035ns (DCD - SCD - CPR)
    Destination Clock Delay (DCD):    1.992ns
    Source Clock Delay      (SCD):    1.475ns
    Clock Pessimism Removal (CPR):    0.482ns

    Location             Delay type                Incr(ns)  Path(ns)    Netlist Resource(s)
  -------------------------------------------------------------------    -------------------
                         (clock sys_clk rise edge)    0.000     0.000 r  
    K19                                               0.000     0.000 r  clk (IN)
                         net (fo=0)                   0.000     0.000    clk
    K19                  IBUF (Prop_ibuf_I_O)         0.167     0.167 r  clk_IBUF_inst/O
                         net (fo=1, routed)           0.674     0.841    clk_IBUF
    BUFGCTRL_X0Y16       BUFG (Prop_bufg_I_O)         0.026     0.867 r  clk_IBUF_BUFG_inst/O
                         net (fo=233, routed)         0.609     1.475    clk_IBUF_BUFG
    SLICE_X95Y36         FDCE                                         r  sum23_reg[5]/C
  -------------------------------------------------------------------    -------------------
    SLICE_X95Y36         FDCE (Prop_fdce_C_Q)         0.141     1.616 r  sum23_reg[5]/Q
                         net (fo=1, routed)           0.129     1.746    sum23[5]
    SLICE_X92Y36         LUT2 (Prop_lut2_I1_O)        0.045     1.791 r  result[7]_i_4/O
                         net (fo=1, routed)           0.000     1.791    result[7]_i_4_n_0
    SLICE_X92Y36         CARRY4 (Prop_carry4_S[1]_O[1])
                                                      0.066     1.857 r  result_reg[7]_i_1/O[1]
                         net (fo=1, routed)           0.000     1.857    result_reg[7]_i_1_n_6
    SLICE_X92Y36         FDCE                                         r  result_reg[5]/D
  -------------------------------------------------------------------    -------------------

                         (clock sys_clk rise edge)    0.000     0.000 r  
    K19                                               0.000     0.000 r  clk (IN)
                         net (fo=0)                   0.000     0.000    clk
    K19                  IBUF (Prop_ibuf_I_O)         0.355     0.355 r  clk_IBUF_inst/O
                         net (fo=1, routed)           0.731     1.086    clk_IBUF
    BUFGCTRL_X0Y16       BUFG (Prop_bufg_I_O)         0.029     1.115 r  clk_IBUF_BUFG_inst/O
                         net (fo=233, routed)         0.877     1.992    clk_IBUF_BUFG
    SLICE_X92Y36         FDCE                                         r  result_reg[5]/C
                         clock pessimism             -0.482     1.510    
    SLICE_X92Y36         FDCE (Hold_fdce_C_D)         0.134     1.644    result_reg[5]
  -------------------------------------------------------------------
                         required time                         -1.644    
                         arrival time                           1.857    
  -------------------------------------------------------------------
                         slack                                  0.212    

Slack (MET) :             0.235ns  (arrival time - required time)
  Source:                 sum23_reg[15]/C
                            (rising edge-triggered cell FDCE clocked by sys_clk  {rise@0.000ns fall@2.500ns period=5.000ns})
  Destination:            result_reg[15]/D
                            (rising edge-triggered cell FDCE clocked by sys_clk  {rise@0.000ns fall@2.500ns period=5.000ns})
  Path Group:             sys_clk
  Path Type:              Hold (Min at Fast Process Corner)
  Requirement:            0.000ns  (sys_clk rise@0.000ns - sys_clk rise@0.000ns)
  Data Path Delay:        0.405ns  (logic 0.250ns (61.692%)  route 0.155ns (38.308%))
  Logic Levels:           2  (CARRY4=1 LUT2=1)
  Clock Path Skew:        0.036ns (DCD - SCD - CPR)
    Destination Clock Delay (DCD):    1.995ns
    Source Clock Delay      (SCD):    1.477ns
    Clock Pessimism Removal (CPR):    0.482ns

    Location             Delay type                Incr(ns)  Path(ns)    Netlist Resource(s)
  -------------------------------------------------------------------    -------------------
                         (clock sys_clk rise edge)    0.000     0.000 r  
    K19                                               0.000     0.000 r  clk (IN)
                         net (fo=0)                   0.000     0.000    clk
    K19                  IBUF (Prop_ibuf_I_O)         0.167     0.167 r  clk_IBUF_inst/O
                         net (fo=1, routed)           0.674     0.841    clk_IBUF
    BUFGCTRL_X0Y16       BUFG (Prop_bufg_I_O)         0.026     0.867 r  clk_IBUF_BUFG_inst/O
                         net (fo=233, routed)         0.611     1.477    clk_IBUF_BUFG
    SLICE_X95Y38         FDCE                                         r  sum23_reg[15]/C
  -------------------------------------------------------------------    -------------------
    SLICE_X95Y38         FDCE (Prop_fdce_C_Q)         0.141     1.618 r  sum23_reg[15]/Q
                         net (fo=1, routed)           0.155     1.774    sum23[15]
    SLICE_X92Y38         LUT2 (Prop_lut2_I1_O)        0.045     1.819 r  result[15]_i_2/O
                         net (fo=1, routed)           0.000     1.819    result[15]_i_2_n_0
    SLICE_X92Y38         CARRY4 (Prop_carry4_S[3]_O[3])
                                                      0.064     1.883 r  result_reg[15]_i_1/O[3]
                         net (fo=1, routed)           0.000     1.883    result_reg[15]_i_1_n_4
    SLICE_X92Y38         FDCE                                         r  result_reg[15]/D
  -------------------------------------------------------------------    -------------------

                         (clock sys_clk rise edge)    0.000     0.000 r  
    K19                                               0.000     0.000 r  clk (IN)
                         net (fo=0)                   0.000     0.000    clk
    K19                  IBUF (Prop_ibuf_I_O)         0.355     0.355 r  clk_IBUF_inst/O
                         net (fo=1, routed)           0.731     1.086    clk_IBUF
    BUFGCTRL_X0Y16       BUFG (Prop_bufg_I_O)         0.029     1.115 r  clk_IBUF_BUFG_inst/O
                         net (fo=233, routed)         0.880     1.995    clk_IBUF_BUFG
    SLICE_X92Y38         FDCE                                         r  result_reg[15]/C
                         clock pessimism             -0.482     1.513    
    SLICE_X92Y38         FDCE (Hold_fdce_C_D)         0.134     1.647    result_reg[15]
  -------------------------------------------------------------------
                         required time                         -1.647    
                         arrival time                           1.883    
  -------------------------------------------------------------------
                         slack                                  0.235    

Slack (MET) :             0.235ns  (arrival time - required time)
  Source:                 sum23_reg[19]/C
                            (rising edge-triggered cell FDCE clocked by sys_clk  {rise@0.000ns fall@2.500ns period=5.000ns})
  Destination:            result_reg[19]/D
                            (rising edge-triggered cell FDCE clocked by sys_clk  {rise@0.000ns fall@2.500ns period=5.000ns})
  Path Group:             sys_clk
  Path Type:              Hold (Min at Fast Process Corner)
  Requirement:            0.000ns  (sys_clk rise@0.000ns - sys_clk rise@0.000ns)
  Data Path Delay:        0.405ns  (logic 0.250ns (61.692%)  route 0.155ns (38.308%))
  Logic Levels:           2  (CARRY4=1 LUT2=1)
  Clock Path Skew:        0.036ns (DCD - SCD - CPR)
    Destination Clock Delay (DCD):    1.995ns
    Source Clock Delay      (SCD):    1.477ns
    Clock Pessimism Removal (CPR):    0.482ns

    Location             Delay type                Incr(ns)  Path(ns)    Netlist Resource(s)
  -------------------------------------------------------------------    -------------------
                         (clock sys_clk rise edge)    0.000     0.000 r  
    K19                                               0.000     0.000 r  clk (IN)
                         net (fo=0)                   0.000     0.000    clk
    K19                  IBUF (Prop_ibuf_I_O)         0.167     0.167 r  clk_IBUF_inst/O
                         net (fo=1, routed)           0.674     0.841    clk_IBUF
    BUFGCTRL_X0Y16       BUFG (Prop_bufg_I_O)         0.026     0.867 r  clk_IBUF_BUFG_inst/O
                         net (fo=233, routed)         0.611     1.477    clk_IBUF_BUFG
    SLICE_X95Y39         FDCE                                         r  sum23_reg[19]/C
  -------------------------------------------------------------------    -------------------
    SLICE_X95Y39         FDCE (Prop_fdce_C_Q)         0.141     1.618 r  sum23_reg[19]/Q
                         net (fo=1, routed)           0.155     1.774    sum23[19]
    SLICE_X92Y39         LUT2 (Prop_lut2_I1_O)        0.045     1.819 r  result[19]_i_2/O
                         net (fo=1, routed)           0.000     1.819    result[19]_i_2_n_0
    SLICE_X92Y39         CARRY4 (Prop_carry4_S[3]_O[3])
                                                      0.064     1.883 r  result_reg[19]_i_1/O[3]
                         net (fo=1, routed)           0.000     1.883    result_reg[19]_i_1_n_4
    SLICE_X92Y39         FDCE                                         r  result_reg[19]/D
  -------------------------------------------------------------------    -------------------

                         (clock sys_clk rise edge)    0.000     0.000 r  
    K19                                               0.000     0.000 r  clk (IN)
                         net (fo=0)                   0.000     0.000    clk
    K19                  IBUF (Prop_ibuf_I_O)         0.355     0.355 r  clk_IBUF_inst/O
                         net (fo=1, routed)           0.731     1.086    clk_IBUF
    BUFGCTRL_X0Y16       BUFG (Prop_bufg_I_O)         0.029     1.115 r  clk_IBUF_BUFG_inst/O
                         net (fo=233, routed)         0.880     1.995    clk_IBUF_BUFG
    SLICE_X92Y39         FDCE                                         r  result_reg[19]/C
                         clock pessimism             -0.482     1.513    
    SLICE_X92Y39         FDCE (Hold_fdce_C_D)         0.134     1.647    result_reg[19]
  -------------------------------------------------------------------
                         required time                         -1.647    
                         arrival time                           1.883    
  -------------------------------------------------------------------
                         slack                                  0.235    





Pulse Width Checks
--------------------------------------------------------------------------------------
Clock Name:         sys_clk
Waveform(ns):       { 0.000 2.500 }
Period(ns):         5.000
Sources:            { clk }

Check Type        Corner  Lib Pin      Reference Pin  Required(ns)  Actual(ns)  Slack(ns)  Location        Pin
Min Period        n/a     DSP48E1/CLK  n/a            1.816         5.000       3.184      DSP48_X3Y14     p00/CLK
Min Period        n/a     DSP48E1/CLK  n/a            1.816         5.000       3.184      DSP48_X3Y15     p10/CLK
Min Period        n/a     DSP48E1/CLK  n/a            1.816         5.000       3.184      DSP48_X4Y14     p20/CLK
Min Period        n/a     DSP48E1/CLK  n/a            1.816         5.000       3.184      DSP48_X3Y16     p30/CLK
Min Period        n/a     BUFG/I       n/a            1.592         5.000       3.408      BUFGCTRL_X0Y16  clk_IBUF_BUFG_inst/I
Min Period        n/a     FDCE/C       n/a            1.000         5.000       4.000      SLICE_X95Y34    k0_reg_reg[0]/C
Min Period        n/a     FDCE/C       n/a            1.000         5.000       4.000      SLICE_X92Y35    k0_reg_reg[10]/C
Min Period        n/a     FDCE/C       n/a            1.000         5.000       4.000      SLICE_X93Y37    k0_reg_reg[11]/C
Min Period        n/a     FDCE/C       n/a            1.000         5.000       4.000      SLICE_X93Y36    k0_reg_reg[12]/C
Min Period        n/a     FDCE/C       n/a            1.000         5.000       4.000      SLICE_X93Y36    k0_reg_reg[13]/C
Low Pulse Width   Slow    FDCE/C       n/a            0.500         2.500       2.000      SLICE_X95Y34    k0_reg_reg[0]/C
Low Pulse Width   Fast    FDCE/C       n/a            0.500         2.500       2.000      SLICE_X95Y34    k0_reg_reg[0]/C
Low Pulse Width   Slow    FDCE/C       n/a            0.500         2.500       2.000      SLICE_X92Y35    k0_reg_reg[10]/C
Low Pulse Width   Fast    FDCE/C       n/a            0.500         2.500       2.000      SLICE_X92Y35    k0_reg_reg[10]/C
Low Pulse Width   Slow    FDCE/C       n/a            0.500         2.500       2.000      SLICE_X93Y37    k0_reg_reg[11]/C
Low Pulse Width   Fast    FDCE/C       n/a            0.500         2.500       2.000      SLICE_X93Y37    k0_reg_reg[11]/C
Low Pulse Width   Slow    FDCE/C       n/a            0.500         2.500       2.000      SLICE_X93Y36    k0_reg_reg[12]/C
Low Pulse Width   Fast    FDCE/C       n/a            0.500         2.500       2.000      SLICE_X93Y36    k0_reg_reg[12]/C
Low Pulse Width   Slow    FDCE/C       n/a            0.500         2.500       2.000      SLICE_X93Y36    k0_reg_reg[13]/C
Low Pulse Width   Fast    FDCE/C       n/a            0.500         2.500       2.000      SLICE_X93Y36    k0_reg_reg[13]/C
High Pulse Width  Slow    FDCE/C       n/a            0.500         2.500       2.000      SLICE_X95Y34    k0_reg_reg[0]/C
High Pulse Width  Fast    FDCE/C       n/a            0.500         2.500       2.000      SLICE_X95Y34    k0_reg_reg[0]/C
High Pulse Width  Slow    FDCE/C       n/a            0.500         2.500       2.000      SLICE_X92Y35    k0_reg_reg[10]/C
High Pulse Width  Fast    FDCE/C       n/a            0.500         2.500       2.000      SLICE_X92Y35    k0_reg_reg[10]/C
High Pulse Width  Slow    FDCE/C       n/a            0.500         2.500       2.000      SLICE_X93Y37    k0_reg_reg[11]/C
High Pulse Width  Fast    FDCE/C       n/a            0.500         2.500       2.000      SLICE_X93Y37    k0_reg_reg[11]/C
High Pulse Width  Slow    FDCE/C       n/a            0.500         2.500       2.000      SLICE_X93Y36    k0_reg_reg[12]/C
High Pulse Width  Fast    FDCE/C       n/a            0.500         2.500       2.000      SLICE_X93Y36    k0_reg_reg[12]/C
High Pulse Width  Slow    FDCE/C       n/a            0.500         2.500       2.000      SLICE_X93Y36    k0_reg_reg[13]/C
High Pulse Width  Fast    FDCE/C       n/a            0.500         2.500       2.000      SLICE_X93Y36    k0_reg_reg[13]/C



--------------------------------------------------------------------------------------
Path Group:  (none)
From Clock:  sys_clk
  To Clock:  

Max Delay            34 Endpoints
Min Delay            34 Endpoints
--------------------------------------------------------------------------------------


Max Delay Paths
--------------------------------------------------------------------------------------
Slack:                    inf
  Source:                 result_reg[1]/C
                            (rising edge-triggered cell FDCE clocked by sys_clk  {rise@0.000ns fall@2.500ns period=5.000ns})
  Destination:            result[1]
                            (output port)
  Path Group:             (none)
  Path Type:              Max at Slow Process Corner
  Data Path Delay:        7.149ns  (logic 2.809ns (39.292%)  route 4.340ns (60.708%))
  Logic Levels:           1  (OBUF=1)
  Clock Uncertainty:      0.025ns  ((TSJ^2 + TIJ^2)^1/2 + DJ) / 2 + PE
    Total System Jitter     (TSJ):    0.050ns
    Total Input Jitter      (TIJ):    0.000ns
    Discrete Jitter          (DJ):    0.000ns
    Phase Error              (PE):    0.000ns

    Location             Delay type                Incr(ns)  Path(ns)    Netlist Resource(s)
  -------------------------------------------------------------------    -------------------
                         (clock sys_clk rise edge)    0.000     0.000 r  
    K19                                               0.000     0.000 r  clk (IN)
                         net (fo=0)                   0.000     0.000    clk
    K19                  IBUF (Prop_ibuf_I_O)         0.870     0.870 r  clk_IBUF_inst/O
                         net (fo=1, routed)           1.873     2.743    clk_IBUF
    BUFGCTRL_X0Y16       BUFG (Prop_bufg_I_O)         0.085     2.828 r  clk_IBUF_BUFG_inst/O
                         net (fo=233, routed)         1.516     4.344    clk_IBUF_BUFG
    SLICE_X92Y35         FDCE                                         r  result_reg[1]/C
  -------------------------------------------------------------------    -------------------
    SLICE_X92Y35         FDCE (Prop_fdce_C_Q)         0.433     4.777 r  result_reg[1]/Q
                         net (fo=1, routed)           4.340     9.117    result_OBUF[1]
    AB4                  OBUF (Prop_obuf_I_O)         2.376    11.493 r  result_OBUF[1]_inst/O
                         net (fo=0)                   0.000    11.493    result[1]
    AB4                                                               r  result[1] (OUT)
  -------------------------------------------------------------------    -------------------

Slack:                    inf
  Source:                 result_reg[6]/C
                            (rising edge-triggered cell FDCE clocked by sys_clk  {rise@0.000ns fall@2.500ns period=5.000ns})
  Destination:            result[6]
                            (output port)
  Path Group:             (none)
  Path Type:              Max at Slow Process Corner
  Data Path Delay:        7.028ns  (logic 2.829ns (40.256%)  route 4.199ns (59.744%))
  Logic Levels:           1  (OBUF=1)
  Clock Uncertainty:      0.025ns  ((TSJ^2 + TIJ^2)^1/2 + DJ) / 2 + PE
    Total System Jitter     (TSJ):    0.050ns
    Total Input Jitter      (TIJ):    0.000ns
    Discrete Jitter          (DJ):    0.000ns
    Phase Error              (PE):    0.000ns

    Location             Delay type                Incr(ns)  Path(ns)    Netlist Resource(s)
  -------------------------------------------------------------------    -------------------
                         (clock sys_clk rise edge)    0.000     0.000 r  
    K19                                               0.000     0.000 r  clk (IN)
                         net (fo=0)                   0.000     0.000    clk
    K19                  IBUF (Prop_ibuf_I_O)         0.870     0.870 r  clk_IBUF_inst/O
                         net (fo=1, routed)           1.873     2.743    clk_IBUF
    BUFGCTRL_X0Y16       BUFG (Prop_bufg_I_O)         0.085     2.828 r  clk_IBUF_BUFG_inst/O
                         net (fo=233, routed)         1.518     4.346    clk_IBUF_BUFG
    SLICE_X92Y36         FDCE                                         r  result_reg[6]/C
  -------------------------------------------------------------------    -------------------
    SLICE_X92Y36         FDCE (Prop_fdce_C_Q)         0.433     4.779 r  result_reg[6]/Q
                         net (fo=1, routed)           4.199     8.977    result_OBUF[6]
    AA7                  OBUF (Prop_obuf_I_O)         2.396    11.373 r  result_OBUF[6]_inst/O
                         net (fo=0)                   0.000    11.373    result[6]
    AA7                                                               r  result[6] (OUT)
  -------------------------------------------------------------------    -------------------

Slack:                    inf
  Source:                 result_reg[5]/C
                            (rising edge-triggered cell FDCE clocked by sys_clk  {rise@0.000ns fall@2.500ns period=5.000ns})
  Destination:            result[5]
                            (output port)
  Path Group:             (none)
  Path Type:              Max at Slow Process Corner
  Data Path Delay:        7.019ns  (logic 2.822ns (40.207%)  route 4.197ns (59.793%))
  Logic Levels:           1  (OBUF=1)
  Clock Uncertainty:      0.025ns  ((TSJ^2 + TIJ^2)^1/2 + DJ) / 2 + PE
    Total System Jitter     (TSJ):    0.050ns
    Total Input Jitter      (TIJ):    0.000ns
    Discrete Jitter          (DJ):    0.000ns
    Phase Error              (PE):    0.000ns

    Location             Delay type                Incr(ns)  Path(ns)    Netlist Resource(s)
  -------------------------------------------------------------------    -------------------
                         (clock sys_clk rise edge)    0.000     0.000 r  
    K19                                               0.000     0.000 r  clk (IN)
                         net (fo=0)                   0.000     0.000    clk
    K19                  IBUF (Prop_ibuf_I_O)         0.870     0.870 r  clk_IBUF_inst/O
                         net (fo=1, routed)           1.873     2.743    clk_IBUF
    BUFGCTRL_X0Y16       BUFG (Prop_bufg_I_O)         0.085     2.828 r  clk_IBUF_BUFG_inst/O
                         net (fo=233, routed)         1.518     4.346    clk_IBUF_BUFG
    SLICE_X92Y36         FDCE                                         r  result_reg[5]/C
  -------------------------------------------------------------------    -------------------
    SLICE_X92Y36         FDCE (Prop_fdce_C_Q)         0.433     4.779 r  result_reg[5]/Q
                         net (fo=1, routed)           4.197     8.976    result_OBUF[5]
    AA6                  OBUF (Prop_obuf_I_O)         2.389    11.365 r  result_OBUF[5]_inst/O
                         net (fo=0)                   0.000    11.365    result[5]
    AA6                                                               r  result[5] (OUT)
  -------------------------------------------------------------------    -------------------

Slack:                    inf
  Source:                 result_reg[8]/C
                            (rising edge-triggered cell FDCE clocked by sys_clk  {rise@0.000ns fall@2.500ns period=5.000ns})
  Destination:            result[8]
                            (output port)
  Path Group:             (none)
  Path Type:              Max at Slow Process Corner
  Data Path Delay:        6.987ns  (logic 2.812ns (40.242%)  route 4.175ns (59.758%))
  Logic Levels:           1  (OBUF=1)
  Clock Uncertainty:      0.025ns  ((TSJ^2 + TIJ^2)^1/2 + DJ) / 2 + PE
    Total System Jitter     (TSJ):    0.050ns
    Total Input Jitter      (TIJ):    0.000ns
    Discrete Jitter          (DJ):    0.000ns
    Phase Error              (PE):    0.000ns

    Location             Delay type                Incr(ns)  Path(ns)    Netlist Resource(s)
  -------------------------------------------------------------------    -------------------
                         (clock sys_clk rise edge)    0.000     0.000 r  
    K19                                               0.000     0.000 r  clk (IN)
                         net (fo=0)                   0.000     0.000    clk
    K19                  IBUF (Prop_ibuf_I_O)         0.870     0.870 r  clk_IBUF_inst/O
                         net (fo=1, routed)           1.873     2.743    clk_IBUF
    BUFGCTRL_X0Y16       BUFG (Prop_bufg_I_O)         0.085     2.828 r  clk_IBUF_BUFG_inst/O
                         net (fo=233, routed)         1.519     4.347    clk_IBUF_BUFG
    SLICE_X92Y37         FDCE                                         r  result_reg[8]/C
  -------------------------------------------------------------------    -------------------
    SLICE_X92Y37         FDCE (Prop_fdce_C_Q)         0.433     4.780 r  result_reg[8]/Q
                         net (fo=1, routed)           4.175     8.955    result_OBUF[8]
    Y6                   OBUF (Prop_obuf_I_O)         2.379    11.334 r  result_OBUF[8]_inst/O
                         net (fo=0)                   0.000    11.334    result[8]
    Y6                                                                r  result[8] (OUT)
  -------------------------------------------------------------------    -------------------

Slack:                    inf
  Source:                 result_reg[13]/C
                            (rising edge-triggered cell FDCE clocked by sys_clk  {rise@0.000ns fall@2.500ns period=5.000ns})
  Destination:            result[13]
                            (output port)
  Path Group:             (none)
  Path Type:              Max at Slow Process Corner
  Data Path Delay:        6.982ns  (logic 2.867ns (41.067%)  route 4.115ns (58.933%))
  Logic Levels:           1  (OBUF=1)
  Clock Uncertainty:      0.025ns  ((TSJ^2 + TIJ^2)^1/2 + DJ) / 2 + PE
    Total System Jitter     (TSJ):    0.050ns
    Total Input Jitter      (TIJ):    0.000ns
    Discrete Jitter          (DJ):    0.000ns
    Phase Error              (PE):    0.000ns

    Location             Delay type                Incr(ns)  Path(ns)    Netlist Resource(s)
  -------------------------------------------------------------------    -------------------
                         (clock sys_clk rise edge)    0.000     0.000 r  
    K19                                               0.000     0.000 r  clk (IN)
                         net (fo=0)                   0.000     0.000    clk
    K19                  IBUF (Prop_ibuf_I_O)         0.870     0.870 r  clk_IBUF_inst/O
                         net (fo=1, routed)           1.873     2.743    clk_IBUF
    BUFGCTRL_X0Y16       BUFG (Prop_bufg_I_O)         0.085     2.828 r  clk_IBUF_BUFG_inst/O
                         net (fo=233, routed)         1.519     4.347    clk_IBUF_BUFG
    SLICE_X92Y38         FDCE                                         r  result_reg[13]/C
  -------------------------------------------------------------------    -------------------
    SLICE_X92Y38         FDCE (Prop_fdce_C_Q)         0.433     4.780 r  result_reg[13]/Q
                         net (fo=1, routed)           4.115     8.894    result_OBUF[13]
    Y10                  OBUF (Prop_obuf_I_O)         2.434    11.328 r  result_OBUF[13]_inst/O
                         net (fo=0)                   0.000    11.328    result[13]
    Y10                                                               r  result[13] (OUT)
  -------------------------------------------------------------------    -------------------

Slack:                    inf
  Source:                 result_reg[9]/C
                            (rising edge-triggered cell FDCE clocked by sys_clk  {rise@0.000ns fall@2.500ns period=5.000ns})
  Destination:            result[9]
                            (output port)
  Path Group:             (none)
  Path Type:              Max at Slow Process Corner
  Data Path Delay:        6.963ns  (logic 2.826ns (40.581%)  route 4.138ns (59.419%))
  Logic Levels:           1  (OBUF=1)
  Clock Uncertainty:      0.025ns  ((TSJ^2 + TIJ^2)^1/2 + DJ) / 2 + PE
    Total System Jitter     (TSJ):    0.050ns
    Total Input Jitter      (TIJ):    0.000ns
    Discrete Jitter          (DJ):    0.000ns
    Phase Error              (PE):    0.000ns

    Location             Delay type                Incr(ns)  Path(ns)    Netlist Resource(s)
  -------------------------------------------------------------------    -------------------
                         (clock sys_clk rise edge)    0.000     0.000 r  
    K19                                               0.000     0.000 r  clk (IN)
                         net (fo=0)                   0.000     0.000    clk
    K19                  IBUF (Prop_ibuf_I_O)         0.870     0.870 r  clk_IBUF_inst/O
                         net (fo=1, routed)           1.873     2.743    clk_IBUF
    BUFGCTRL_X0Y16       BUFG (Prop_bufg_I_O)         0.085     2.828 r  clk_IBUF_BUFG_inst/O
                         net (fo=233, routed)         1.519     4.347    clk_IBUF_BUFG
    SLICE_X92Y37         FDCE                                         r  result_reg[9]/C
  -------------------------------------------------------------------    -------------------
    SLICE_X92Y37         FDCE (Prop_fdce_C_Q)         0.433     4.780 r  result_reg[9]/Q
                         net (fo=1, routed)           4.138     8.917    result_OBUF[9]
    Y8                   OBUF (Prop_obuf_I_O)         2.393    11.310 r  result_OBUF[9]_inst/O
                         net (fo=0)                   0.000    11.310    result[9]
    Y8                                                                r  result[9] (OUT)
  -------------------------------------------------------------------    -------------------

Slack:                    inf
  Source:                 result_reg[11]/C
                            (rising edge-triggered cell FDCE clocked by sys_clk  {rise@0.000ns fall@2.500ns period=5.000ns})
  Destination:            result[11]
                            (output port)
  Path Group:             (none)
  Path Type:              Max at Slow Process Corner
  Data Path Delay:        6.951ns  (logic 2.845ns (40.932%)  route 4.106ns (59.068%))
  Logic Levels:           1  (OBUF=1)
  Clock Uncertainty:      0.025ns  ((TSJ^2 + TIJ^2)^1/2 + DJ) / 2 + PE
    Total System Jitter     (TSJ):    0.050ns
    Total Input Jitter      (TIJ):    0.000ns
    Discrete Jitter          (DJ):    0.000ns
    Phase Error              (PE):    0.000ns

    Location             Delay type                Incr(ns)  Path(ns)    Netlist Resource(s)
  -------------------------------------------------------------------    -------------------
                         (clock sys_clk rise edge)    0.000     0.000 r  
    K19                                               0.000     0.000 r  clk (IN)
                         net (fo=0)                   0.000     0.000    clk
    K19                  IBUF (Prop_ibuf_I_O)         0.870     0.870 r  clk_IBUF_inst/O
                         net (fo=1, routed)           1.873     2.743    clk_IBUF
    BUFGCTRL_X0Y16       BUFG (Prop_bufg_I_O)         0.085     2.828 r  clk_IBUF_BUFG_inst/O
                         net (fo=233, routed)         1.519     4.347    clk_IBUF_BUFG
    SLICE_X92Y37         FDCE                                         r  result_reg[11]/C
  -------------------------------------------------------------------    -------------------
    SLICE_X92Y37         FDCE (Prop_fdce_C_Q)         0.433     4.780 r  result_reg[11]/Q
                         net (fo=1, routed)           4.106     8.886    result_OBUF[11]
    AA8                  OBUF (Prop_obuf_I_O)         2.412    11.298 r  result_OBUF[11]_inst/O
                         net (fo=0)                   0.000    11.298    result[11]
    AA8                                                               r  result[11] (OUT)
  -------------------------------------------------------------------    -------------------

Slack:                    inf
  Source:                 result_reg[10]/C
                            (rising edge-triggered cell FDCE clocked by sys_clk  {rise@0.000ns fall@2.500ns period=5.000ns})
  Destination:            result[10]
                            (output port)
  Path Group:             (none)
  Path Type:              Max at Slow Process Corner
  Data Path Delay:        6.926ns  (logic 2.818ns (40.682%)  route 4.109ns (59.318%))
  Logic Levels:           1  (OBUF=1)
  Clock Uncertainty:      0.025ns  ((TSJ^2 + TIJ^2)^1/2 + DJ) / 2 + PE
    Total System Jitter     (TSJ):    0.050ns
    Total Input Jitter      (TIJ):    0.000ns
    Discrete Jitter          (DJ):    0.000ns
    Phase Error              (PE):    0.000ns

    Location             Delay type                Incr(ns)  Path(ns)    Netlist Resource(s)
  -------------------------------------------------------------------    -------------------
                         (clock sys_clk rise edge)    0.000     0.000 r  
    K19                                               0.000     0.000 r  clk (IN)
                         net (fo=0)                   0.000     0.000    clk
    K19                  IBUF (Prop_ibuf_I_O)         0.870     0.870 r  clk_IBUF_inst/O
                         net (fo=1, routed)           1.873     2.743    clk_IBUF
    BUFGCTRL_X0Y16       BUFG (Prop_bufg_I_O)         0.085     2.828 r  clk_IBUF_BUFG_inst/O
                         net (fo=233, routed)         1.519     4.347    clk_IBUF_BUFG
    SLICE_X92Y37         FDCE                                         r  result_reg[10]/C
  -------------------------------------------------------------------    -------------------
    SLICE_X92Y37         FDCE (Prop_fdce_C_Q)         0.433     4.780 r  result_reg[10]/Q
                         net (fo=1, routed)           4.109     8.888    result_OBUF[10]
    Y9                   OBUF (Prop_obuf_I_O)         2.385    11.273 r  result_OBUF[10]_inst/O
                         net (fo=0)                   0.000    11.273    result[10]
    Y9                                                                r  result[10] (OUT)
  -------------------------------------------------------------------    -------------------

Slack:                    inf
  Source:                 result_reg[4]/C
                            (rising edge-triggered cell FDCE clocked by sys_clk  {rise@0.000ns fall@2.500ns period=5.000ns})
  Destination:            result[4]
                            (output port)
  Path Group:             (none)
  Path Type:              Max at Slow Process Corner
  Data Path Delay:        6.918ns  (logic 2.831ns (40.922%)  route 4.087ns (59.078%))
  Logic Levels:           1  (OBUF=1)
  Clock Uncertainty:      0.025ns  ((TSJ^2 + TIJ^2)^1/2 + DJ) / 2 + PE
    Total System Jitter     (TSJ):    0.050ns
    Total Input Jitter      (TIJ):    0.000ns
    Discrete Jitter          (DJ):    0.000ns
    Phase Error              (PE):    0.000ns

    Location             Delay type                Incr(ns)  Path(ns)    Netlist Resource(s)
  -------------------------------------------------------------------    -------------------
                         (clock sys_clk rise edge)    0.000     0.000 r  
    K19                                               0.000     0.000 r  clk (IN)
                         net (fo=0)                   0.000     0.000    clk
    K19                  IBUF (Prop_ibuf_I_O)         0.870     0.870 r  clk_IBUF_inst/O
                         net (fo=1, routed)           1.873     2.743    clk_IBUF
    BUFGCTRL_X0Y16       BUFG (Prop_bufg_I_O)         0.085     2.828 r  clk_IBUF_BUFG_inst/O
                         net (fo=233, routed)         1.518     4.346    clk_IBUF_BUFG
    SLICE_X92Y36         FDCE                                         r  result_reg[4]/C
  -------------------------------------------------------------------    -------------------
    SLICE_X92Y36         FDCE (Prop_fdce_C_Q)         0.433     4.779 r  result_reg[4]/Q
                         net (fo=1, routed)           4.087     8.866    result_OBUF[4]
    AB2                  OBUF (Prop_obuf_I_O)         2.398    11.264 r  result_OBUF[4]_inst/O
                         net (fo=0)                   0.000    11.264    result[4]
    AB2                                                               r  result[4] (OUT)
  -------------------------------------------------------------------    -------------------

Slack:                    inf
  Source:                 result_reg[14]/C
                            (rising edge-triggered cell FDCE clocked by sys_clk  {rise@0.000ns fall@2.500ns period=5.000ns})
  Destination:            result[14]
                            (output port)
  Path Group:             (none)
  Path Type:              Max at Slow Process Corner
  Data Path Delay:        6.869ns  (logic 2.875ns (41.850%)  route 3.994ns (58.150%))
  Logic Levels:           1  (OBUF=1)
  Clock Uncertainty:      0.025ns  ((TSJ^2 + TIJ^2)^1/2 + DJ) / 2 + PE
    Total System Jitter     (TSJ):    0.050ns
    Total Input Jitter      (TIJ):    0.000ns
    Discrete Jitter          (DJ):    0.000ns
    Phase Error              (PE):    0.000ns

    Location             Delay type                Incr(ns)  Path(ns)    Netlist Resource(s)
  -------------------------------------------------------------------    -------------------
                         (clock sys_clk rise edge)    0.000     0.000 r  
    K19                                               0.000     0.000 r  clk (IN)
                         net (fo=0)                   0.000     0.000    clk
    K19                  IBUF (Prop_ibuf_I_O)         0.870     0.870 r  clk_IBUF_inst/O
                         net (fo=1, routed)           1.873     2.743    clk_IBUF
    BUFGCTRL_X0Y16       BUFG (Prop_bufg_I_O)         0.085     2.828 r  clk_IBUF_BUFG_inst/O
                         net (fo=233, routed)         1.519     4.347    clk_IBUF_BUFG
    SLICE_X92Y38         FDCE                                         r  result_reg[14]/C
  -------------------------------------------------------------------    -------------------
    SLICE_X92Y38         FDCE (Prop_fdce_C_Q)         0.433     4.780 r  result_reg[14]/Q
                         net (fo=1, routed)           3.994     8.774    result_OBUF[14]
    Y11                  OBUF (Prop_obuf_I_O)         2.442    11.216 r  result_OBUF[14]_inst/O
                         net (fo=0)                   0.000    11.216    result[14]
    Y11                                                               r  result[14] (OUT)
  -------------------------------------------------------------------    -------------------





Min Delay Paths
--------------------------------------------------------------------------------------
Slack:                    inf
  Source:                 result_reg[19]/C
                            (rising edge-triggered cell FDCE clocked by sys_clk  {rise@0.000ns fall@2.500ns period=5.000ns})
  Destination:            result[19]
                            (output port)
  Path Group:             (none)
  Path Type:              Min at Fast Process Corner
  Data Path Delay:        2.501ns  (logic 1.372ns (54.855%)  route 1.129ns (45.145%))
  Logic Levels:           1  (OBUF=1)
  Clock Uncertainty:      0.025ns  ((TSJ^2 + TIJ^2)^1/2 + DJ) / 2 + PE
    Total System Jitter     (TSJ):    0.050ns
    Total Input Jitter      (TIJ):    0.000ns
    Discrete Jitter          (DJ):    0.000ns
    Phase Error              (PE):    0.000ns

    Location             Delay type                Incr(ns)  Path(ns)    Netlist Resource(s)
  -------------------------------------------------------------------    -------------------
                         (clock sys_clk rise edge)    0.000     0.000 r  
    K19                                               0.000     0.000 r  clk (IN)
                         net (fo=0)                   0.000     0.000    clk
    K19                  IBUF (Prop_ibuf_I_O)         0.167     0.167 r  clk_IBUF_inst/O
                         net (fo=1, routed)           0.674     0.841    clk_IBUF
    BUFGCTRL_X0Y16       BUFG (Prop_bufg_I_O)         0.026     0.867 r  clk_IBUF_BUFG_inst/O
                         net (fo=233, routed)         0.610     1.476    clk_IBUF_BUFG
    SLICE_X92Y39         FDCE                                         r  result_reg[19]/C
  -------------------------------------------------------------------    -------------------
    SLICE_X92Y39         FDCE (Prop_fdce_C_Q)         0.164     1.640 r  result_reg[19]/Q
                         net (fo=1, routed)           1.129     2.770    result_OBUF[19]
    AB12                 OBUF (Prop_obuf_I_O)         1.208     3.978 r  result_OBUF[19]_inst/O
                         net (fo=0)                   0.000     3.978    result[19]
    AB12                                                              r  result[19] (OUT)
  -------------------------------------------------------------------    -------------------

Slack:                    inf
  Source:                 result_reg[7]/C
                            (rising edge-triggered cell FDCE clocked by sys_clk  {rise@0.000ns fall@2.500ns period=5.000ns})
  Destination:            result[7]
                            (output port)
  Path Group:             (none)
  Path Type:              Min at Fast Process Corner
  Data Path Delay:        2.581ns  (logic 1.308ns (50.679%)  route 1.273ns (49.321%))
  Logic Levels:           1  (OBUF=1)
  Clock Uncertainty:      0.025ns  ((TSJ^2 + TIJ^2)^1/2 + DJ) / 2 + PE
    Total System Jitter     (TSJ):    0.050ns
    Total Input Jitter      (TIJ):    0.000ns
    Discrete Jitter          (DJ):    0.000ns
    Phase Error              (PE):    0.000ns

    Location             Delay type                Incr(ns)  Path(ns)    Netlist Resource(s)
  -------------------------------------------------------------------    -------------------
                         (clock sys_clk rise edge)    0.000     0.000 r  
    K19                                               0.000     0.000 r  clk (IN)
                         net (fo=0)                   0.000     0.000    clk
    K19                  IBUF (Prop_ibuf_I_O)         0.167     0.167 r  clk_IBUF_inst/O
                         net (fo=1, routed)           0.674     0.841    clk_IBUF
    BUFGCTRL_X0Y16       BUFG (Prop_bufg_I_O)         0.026     0.867 r  clk_IBUF_BUFG_inst/O
                         net (fo=233, routed)         0.608     1.474    clk_IBUF_BUFG
    SLICE_X92Y36         FDCE                                         r  result_reg[7]/C
  -------------------------------------------------------------------    -------------------
    SLICE_X92Y36         FDCE (Prop_fdce_C_Q)         0.164     1.638 r  result_reg[7]/Q
                         net (fo=1, routed)           1.273     2.911    result_OBUF[7]
    Y5                   OBUF (Prop_obuf_I_O)         1.144     4.055 r  result_OBUF[7]_inst/O
                         net (fo=0)                   0.000     4.055    result[7]
    Y5                                                                r  result[7] (OUT)
  -------------------------------------------------------------------    -------------------

Slack:                    inf
  Source:                 result_reg[3]/C
                            (rising edge-triggered cell FDCE clocked by sys_clk  {rise@0.000ns fall@2.500ns period=5.000ns})
  Destination:            result[3]
                            (output port)
  Path Group:             (none)
  Path Type:              Min at Fast Process Corner
  Data Path Delay:        2.644ns  (logic 1.347ns (50.941%)  route 1.297ns (49.059%))
  Logic Levels:           1  (OBUF=1)
  Clock Uncertainty:      0.025ns  ((TSJ^2 + TIJ^2)^1/2 + DJ) / 2 + PE
    Total System Jitter     (TSJ):    0.050ns
    Total Input Jitter      (TIJ):    0.000ns
    Discrete Jitter          (DJ):    0.000ns
    Phase Error              (PE):    0.000ns

    Location             Delay type                Incr(ns)  Path(ns)    Netlist Resource(s)
  -------------------------------------------------------------------    -------------------
                         (clock sys_clk rise edge)    0.000     0.000 r  
    K19                                               0.000     0.000 r  clk (IN)
                         net (fo=0)                   0.000     0.000    clk
    K19                  IBUF (Prop_ibuf_I_O)         0.167     0.167 r  clk_IBUF_inst/O
                         net (fo=1, routed)           0.674     0.841    clk_IBUF
    BUFGCTRL_X0Y16       BUFG (Prop_bufg_I_O)         0.026     0.867 r  clk_IBUF_BUFG_inst/O
                         net (fo=233, routed)         0.608     1.474    clk_IBUF_BUFG
    SLICE_X92Y35         FDCE                                         r  result_reg[3]/C
  -------------------------------------------------------------------    -------------------
    SLICE_X92Y35         FDCE (Prop_fdce_C_Q)         0.164     1.638 r  result_reg[3]/Q
                         net (fo=1, routed)           1.297     2.936    result_OBUF[3]
    AB1                  OBUF (Prop_obuf_I_O)         1.183     4.118 r  result_OBUF[3]_inst/O
                         net (fo=0)                   0.000     4.118    result[3]
    AB1                                                               r  result[3] (OUT)
  -------------------------------------------------------------------    -------------------

Slack:                    inf
  Source:                 result_reg[16]/C
                            (rising edge-triggered cell FDCE clocked by sys_clk  {rise@0.000ns fall@2.500ns period=5.000ns})
  Destination:            result[16]
                            (output port)
  Path Group:             (none)
  Path Type:              Min at Fast Process Corner
  Data Path Delay:        2.650ns  (logic 1.371ns (51.728%)  route 1.279ns (48.272%))
  Logic Levels:           1  (OBUF=1)
  Clock Uncertainty:      0.025ns  ((TSJ^2 + TIJ^2)^1/2 + DJ) / 2 + PE
    Total System Jitter     (TSJ):    0.050ns
    Total Input Jitter      (TIJ):    0.000ns
    Discrete Jitter          (DJ):    0.000ns
    Phase Error              (PE):    0.000ns

    Location             Delay type                Incr(ns)  Path(ns)    Netlist Resource(s)
  -------------------------------------------------------------------    -------------------
                         (clock sys_clk rise edge)    0.000     0.000 r  
    K19                                               0.000     0.000 r  clk (IN)
                         net (fo=0)                   0.000     0.000    clk
    K19                  IBUF (Prop_ibuf_I_O)         0.167     0.167 r  clk_IBUF_inst/O
                         net (fo=1, routed)           0.674     0.841    clk_IBUF
    BUFGCTRL_X0Y16       BUFG (Prop_bufg_I_O)         0.026     0.867 r  clk_IBUF_BUFG_inst/O
                         net (fo=233, routed)         0.610     1.476    clk_IBUF_BUFG
    SLICE_X92Y39         FDCE                                         r  result_reg[16]/C
  -------------------------------------------------------------------    -------------------
    SLICE_X92Y39         FDCE (Prop_fdce_C_Q)         0.164     1.640 r  result_reg[16]/Q
                         net (fo=1, routed)           1.279     2.920    result_OBUF[16]
    AB10                 OBUF (Prop_obuf_I_O)         1.207     4.127 r  result_OBUF[16]_inst/O
                         net (fo=0)                   0.000     4.127    result[16]
    AB10                                                              r  result[16] (OUT)
  -------------------------------------------------------------------    -------------------

Slack:                    inf
  Source:                 result_reg[0]/C
                            (rising edge-triggered cell FDCE clocked by sys_clk  {rise@0.000ns fall@2.500ns period=5.000ns})
  Destination:            result[0]
                            (output port)
  Path Group:             (none)
  Path Type:              Min at Fast Process Corner
  Data Path Delay:        2.786ns  (logic 1.324ns (47.509%)  route 1.462ns (52.491%))
  Logic Levels:           1  (OBUF=1)
  Clock Uncertainty:      0.025ns  ((TSJ^2 + TIJ^2)^1/2 + DJ) / 2 + PE
    Total System Jitter     (TSJ):    0.050ns
    Total Input Jitter      (TIJ):    0.000ns
    Discrete Jitter          (DJ):    0.000ns
    Phase Error              (PE):    0.000ns

    Location             Delay type                Incr(ns)  Path(ns)    Netlist Resource(s)
  -------------------------------------------------------------------    -------------------
                         (clock sys_clk rise edge)    0.000     0.000 r  
    K19                                               0.000     0.000 r  clk (IN)
                         net (fo=0)                   0.000     0.000    clk
    K19                  IBUF (Prop_ibuf_I_O)         0.167     0.167 r  clk_IBUF_inst/O
                         net (fo=1, routed)           0.674     0.841    clk_IBUF
    BUFGCTRL_X0Y16       BUFG (Prop_bufg_I_O)         0.026     0.867 r  clk_IBUF_BUFG_inst/O
                         net (fo=233, routed)         0.608     1.474    clk_IBUF_BUFG
    SLICE_X92Y35         FDCE                                         r  result_reg[0]/C
  -------------------------------------------------------------------    -------------------
    SLICE_X92Y35         FDCE (Prop_fdce_C_Q)         0.164     1.638 r  result_reg[0]/Q
                         net (fo=1, routed)           1.462     3.101    result_OBUF[0]
    AB7                  OBUF (Prop_obuf_I_O)         1.160     4.260 r  result_OBUF[0]_inst/O
                         net (fo=0)                   0.000     4.260    result[0]
    AB7                                                               r  result[0] (OUT)
  -------------------------------------------------------------------    -------------------

Slack:                    inf
  Source:                 result_reg[12]/C
                            (rising edge-triggered cell FDCE clocked by sys_clk  {rise@0.000ns fall@2.500ns period=5.000ns})
  Destination:            result[12]
                            (output port)
  Path Group:             (none)
  Path Type:              Min at Fast Process Corner
  Data Path Delay:        2.861ns  (logic 1.351ns (47.214%)  route 1.510ns (52.786%))
  Logic Levels:           1  (OBUF=1)
  Clock Uncertainty:      0.025ns  ((TSJ^2 + TIJ^2)^1/2 + DJ) / 2 + PE
    Total System Jitter     (TSJ):    0.050ns
    Total Input Jitter      (TIJ):    0.000ns
    Discrete Jitter          (DJ):    0.000ns
    Phase Error              (PE):    0.000ns

    Location             Delay type                Incr(ns)  Path(ns)    Netlist Resource(s)
  -------------------------------------------------------------------    -------------------
                         (clock sys_clk rise edge)    0.000     0.000 r  
    K19                                               0.000     0.000 r  clk (IN)
                         net (fo=0)                   0.000     0.000    clk
    K19                  IBUF (Prop_ibuf_I_O)         0.167     0.167 r  clk_IBUF_inst/O
                         net (fo=1, routed)           0.674     0.841    clk_IBUF
    BUFGCTRL_X0Y16       BUFG (Prop_bufg_I_O)         0.026     0.867 r  clk_IBUF_BUFG_inst/O
                         net (fo=233, routed)         0.610     1.476    clk_IBUF_BUFG
    SLICE_X92Y38         FDCE                                         r  result_reg[12]/C
  -------------------------------------------------------------------    -------------------
    SLICE_X92Y38         FDCE (Prop_fdce_C_Q)         0.164     1.640 r  result_reg[12]/Q
                         net (fo=1, routed)           1.510     3.151    result_OBUF[12]
    AA9                  OBUF (Prop_obuf_I_O)         1.187     4.338 r  result_OBUF[12]_inst/O
                         net (fo=0)                   0.000     4.338    result[12]
    AA9                                                               r  result[12] (OUT)
  -------------------------------------------------------------------    -------------------

Slack:                    inf
  Source:                 result_reg[15]/C
                            (rising edge-triggered cell FDCE clocked by sys_clk  {rise@0.000ns fall@2.500ns period=5.000ns})
  Destination:            result[15]
                            (output port)
  Path Group:             (none)
  Path Type:              Min at Fast Process Corner
  Data Path Delay:        2.923ns  (logic 1.345ns (46.032%)  route 1.577ns (53.968%))
  Logic Levels:           1  (OBUF=1)
  Clock Uncertainty:      0.025ns  ((TSJ^2 + TIJ^2)^1/2 + DJ) / 2 + PE
    Total System Jitter     (TSJ):    0.050ns
    Total Input Jitter      (TIJ):    0.000ns
    Discrete Jitter          (DJ):    0.000ns
    Phase Error              (PE):    0.000ns

    Location             Delay type                Incr(ns)  Path(ns)    Netlist Resource(s)
  -------------------------------------------------------------------    -------------------
                         (clock sys_clk rise edge)    0.000     0.000 r  
    K19                                               0.000     0.000 r  clk (IN)
                         net (fo=0)                   0.000     0.000    clk
    K19                  IBUF (Prop_ibuf_I_O)         0.167     0.167 r  clk_IBUF_inst/O
                         net (fo=1, routed)           0.674     0.841    clk_IBUF
    BUFGCTRL_X0Y16       BUFG (Prop_bufg_I_O)         0.026     0.867 r  clk_IBUF_BUFG_inst/O
                         net (fo=233, routed)         0.610     1.476    clk_IBUF_BUFG
    SLICE_X92Y38         FDCE                                         r  result_reg[15]/C
  -------------------------------------------------------------------    -------------------
    SLICE_X92Y38         FDCE (Prop_fdce_C_Q)         0.164     1.640 r  result_reg[15]/Q
                         net (fo=1, routed)           1.577     3.218    result_OBUF[15]
    AB9                  OBUF (Prop_obuf_I_O)         1.181     4.399 r  result_OBUF[15]_inst/O
                         net (fo=0)                   0.000     4.399    result[15]
    AB9                                                               r  result[15] (OUT)
  -------------------------------------------------------------------    -------------------

Slack:                    inf
  Source:                 result_reg[23]/C
                            (rising edge-triggered cell FDCE clocked by sys_clk  {rise@0.000ns fall@2.500ns period=5.000ns})
  Destination:            result[23]
                            (output port)
  Path Group:             (none)
  Path Type:              Min at Fast Process Corner
  Data Path Delay:        2.927ns  (logic 1.451ns (49.584%)  route 1.476ns (50.416%))
  Logic Levels:           1  (OBUF=1)
  Clock Uncertainty:      0.025ns  ((TSJ^2 + TIJ^2)^1/2 + DJ) / 2 + PE
    Total System Jitter     (TSJ):    0.050ns
    Total Input Jitter      (TIJ):    0.000ns
    Discrete Jitter          (DJ):    0.000ns
    Phase Error              (PE):    0.000ns

    Location             Delay type                Incr(ns)  Path(ns)    Netlist Resource(s)
  -------------------------------------------------------------------    -------------------
                         (clock sys_clk rise edge)    0.000     0.000 r  
    K19                                               0.000     0.000 r  clk (IN)
                         net (fo=0)                   0.000     0.000    clk
    K19                  IBUF (Prop_ibuf_I_O)         0.167     0.167 r  clk_IBUF_inst/O
                         net (fo=1, routed)           0.674     0.841    clk_IBUF
    BUFGCTRL_X0Y16       BUFG (Prop_bufg_I_O)         0.026     0.867 r  clk_IBUF_BUFG_inst/O
                         net (fo=233, routed)         0.611     1.477    clk_IBUF_BUFG
    SLICE_X92Y40         FDCE                                         r  result_reg[23]/C
  -------------------------------------------------------------------    -------------------
    SLICE_X92Y40         FDCE (Prop_fdce_C_Q)         0.164     1.641 r  result_reg[23]/Q
                         net (fo=1, routed)           1.476     3.117    result_OBUF[23]
    U11                  OBUF (Prop_obuf_I_O)         1.287     4.404 r  result_OBUF[23]_inst/O
                         net (fo=0)                   0.000     4.404    result[23]
    U11                                                               r  result[23] (OUT)
  -------------------------------------------------------------------    -------------------

Slack:                    inf
  Source:                 result_reg[2]/C
                            (rising edge-triggered cell FDCE clocked by sys_clk  {rise@0.000ns fall@2.500ns period=5.000ns})
  Destination:            result[2]
                            (output port)
  Path Group:             (none)
  Path Type:              Min at Fast Process Corner
  Data Path Delay:        3.012ns  (logic 1.309ns (43.477%)  route 1.702ns (56.523%))
  Logic Levels:           1  (OBUF=1)
  Clock Uncertainty:      0.025ns  ((TSJ^2 + TIJ^2)^1/2 + DJ) / 2 + PE
    Total System Jitter     (TSJ):    0.050ns
    Total Input Jitter      (TIJ):    0.000ns
    Discrete Jitter          (DJ):    0.000ns
    Phase Error              (PE):    0.000ns

    Location             Delay type                Incr(ns)  Path(ns)    Netlist Resource(s)
  -------------------------------------------------------------------    -------------------
                         (clock sys_clk rise edge)    0.000     0.000 r  
    K19                                               0.000     0.000 r  clk (IN)
                         net (fo=0)                   0.000     0.000    clk
    K19                  IBUF (Prop_ibuf_I_O)         0.167     0.167 r  clk_IBUF_inst/O
                         net (fo=1, routed)           0.674     0.841    clk_IBUF
    BUFGCTRL_X0Y16       BUFG (Prop_bufg_I_O)         0.026     0.867 r  clk_IBUF_BUFG_inst/O
                         net (fo=233, routed)         0.608     1.474    clk_IBUF_BUFG
    SLICE_X92Y35         FDCE                                         r  result_reg[2]/C
  -------------------------------------------------------------------    -------------------
    SLICE_X92Y35         FDCE (Prop_fdce_C_Q)         0.164     1.638 r  result_reg[2]/Q
                         net (fo=1, routed)           1.702     3.341    result_OBUF[2]
    AB5                  OBUF (Prop_obuf_I_O)         1.145     4.486 r  result_OBUF[2]_inst/O
                         net (fo=0)                   0.000     4.486    result[2]
    AB5                                                               r  result[2] (OUT)
  -------------------------------------------------------------------    -------------------

Slack:                    inf
  Source:                 result_reg[33]/C
                            (rising edge-triggered cell FDCE clocked by sys_clk  {rise@0.000ns fall@2.500ns period=5.000ns})
  Destination:            result[33]
                            (output port)
  Path Group:             (none)
  Path Type:              Min at Fast Process Corner
  Data Path Delay:        3.043ns  (logic 1.274ns (41.883%)  route 1.768ns (58.117%))
  Logic Levels:           1  (OBUF=1)
  Clock Uncertainty:      0.025ns  ((TSJ^2 + TIJ^2)^1/2 + DJ) / 2 + PE
    Total System Jitter     (TSJ):    0.050ns
    Total Input Jitter      (TIJ):    0.000ns
    Discrete Jitter          (DJ):    0.000ns
    Phase Error              (PE):    0.000ns

    Location             Delay type                Incr(ns)  Path(ns)    Netlist Resource(s)
  -------------------------------------------------------------------    -------------------
                         (clock sys_clk rise edge)    0.000     0.000 r  
    K19                                               0.000     0.000 r  clk (IN)
                         net (fo=0)                   0.000     0.000    clk
    K19                  IBUF (Prop_ibuf_I_O)         0.167     0.167 r  clk_IBUF_inst/O
                         net (fo=1, routed)           0.674     0.841    clk_IBUF
    BUFGCTRL_X0Y16       BUFG (Prop_bufg_I_O)         0.026     0.867 r  clk_IBUF_BUFG_inst/O
                         net (fo=233, routed)         0.612     1.478    clk_IBUF_BUFG
    SLICE_X92Y43         FDCE                                         r  result_reg[33]/C
  -------------------------------------------------------------------    -------------------
    SLICE_X92Y43         FDCE (Prop_fdce_C_Q)         0.164     1.642 r  result_reg[33]/Q
                         net (fo=1, routed)           1.768     3.411    result_OBUF[33]
    R7                   OBUF (Prop_obuf_I_O)         1.110     4.521 r  result_OBUF[33]_inst/O
                         net (fo=0)                   0.000     4.521    result[33]
    R7                                                                r  result[33] (OUT)
  -------------------------------------------------------------------    -------------------





--------------------------------------------------------------------------------------
Path Group:  (none)
From Clock:  
  To Clock:  sys_clk

Max Delay           357 Endpoints
Min Delay           357 Endpoints
--------------------------------------------------------------------------------------


Max Delay Paths
--------------------------------------------------------------------------------------
Slack:                    inf
  Source:                 rst
                            (input port)
  Destination:            k0_reg_reg[12]/CLR
                            (recovery check against rising-edge clock sys_clk  {rise@0.000ns fall@2.500ns period=5.000ns})
  Path Group:             (none)
  Path Type:              Recovery (Max at Slow Process Corner)
  Data Path Delay:        5.985ns  (logic 0.882ns (14.741%)  route 5.102ns (85.259%))
  Logic Levels:           1  (IBUF=1)
  Clock Path Skew:        3.877ns (DCD - SCD + CPR)
    Destination Clock Delay (DCD):    3.877ns
    Source Clock Delay      (SCD):    0.000ns
    Clock Pessimism Removal (CPR):    0.000ns
  Clock Uncertainty:      0.025ns  ((TSJ^2 + TIJ^2)^1/2 + DJ) / 2 + PE
    Total System Jitter     (TSJ):    0.050ns
    Total Input Jitter      (TIJ):    0.000ns
    Discrete Jitter          (DJ):    0.000ns
    Phase Error              (PE):    0.000ns

    Location             Delay type                Incr(ns)  Path(ns)    Netlist Resource(s)
  -------------------------------------------------------------------    -------------------
    H15                                               0.000     0.000 f  rst (IN)
                         net (fo=0)                   0.000     0.000    rst
    H15                  IBUF (Prop_ibuf_I_O)         0.882     0.882 f  rst_IBUF_inst/O
                         net (fo=229, routed)         5.102     5.985    rst_IBUF
    SLICE_X93Y36         FDCE                                         f  k0_reg_reg[12]/CLR
  -------------------------------------------------------------------    -------------------

                         (clock sys_clk rise edge)    0.000     0.000 r  
    K19                                               0.000     0.000 r  clk (IN)
                         net (fo=0)                   0.000     0.000    clk
    K19                  IBUF (Prop_ibuf_I_O)         0.739     0.739 r  clk_IBUF_inst/O
                         net (fo=1, routed)           1.701     2.440    clk_IBUF
    BUFGCTRL_X0Y16       BUFG (Prop_bufg_I_O)         0.077     2.517 r  clk_IBUF_BUFG_inst/O
                         net (fo=233, routed)         1.360     3.877    clk_IBUF_BUFG
    SLICE_X93Y36         FDCE                                         r  k0_reg_reg[12]/C

Slack:                    inf
  Source:                 rst
                            (input port)
  Destination:            k0_reg_reg[13]/CLR
                            (recovery check against rising-edge clock sys_clk  {rise@0.000ns fall@2.500ns period=5.000ns})
  Path Group:             (none)
  Path Type:              Recovery (Max at Slow Process Corner)
  Data Path Delay:        5.985ns  (logic 0.882ns (14.741%)  route 5.102ns (85.259%))
  Logic Levels:           1  (IBUF=1)
  Clock Path Skew:        3.877ns (DCD - SCD + CPR)
    Destination Clock Delay (DCD):    3.877ns
    Source Clock Delay      (SCD):    0.000ns
    Clock Pessimism Removal (CPR):    0.000ns
  Clock Uncertainty:      0.025ns  ((TSJ^2 + TIJ^2)^1/2 + DJ) / 2 + PE
    Total System Jitter     (TSJ):    0.050ns
    Total Input Jitter      (TIJ):    0.000ns
    Discrete Jitter          (DJ):    0.000ns
    Phase Error              (PE):    0.000ns

    Location             Delay type                Incr(ns)  Path(ns)    Netlist Resource(s)
  -------------------------------------------------------------------    -------------------
    H15                                               0.000     0.000 f  rst (IN)
                         net (fo=0)                   0.000     0.000    rst
    H15                  IBUF (Prop_ibuf_I_O)         0.882     0.882 f  rst_IBUF_inst/O
                         net (fo=229, routed)         5.102     5.985    rst_IBUF
    SLICE_X93Y36         FDCE                                         f  k0_reg_reg[13]/CLR
  -------------------------------------------------------------------    -------------------

                         (clock sys_clk rise edge)    0.000     0.000 r  
    K19                                               0.000     0.000 r  clk (IN)
                         net (fo=0)                   0.000     0.000    clk
    K19                  IBUF (Prop_ibuf_I_O)         0.739     0.739 r  clk_IBUF_inst/O
                         net (fo=1, routed)           1.701     2.440    clk_IBUF
    BUFGCTRL_X0Y16       BUFG (Prop_bufg_I_O)         0.077     2.517 r  clk_IBUF_BUFG_inst/O
                         net (fo=233, routed)         1.360     3.877    clk_IBUF_BUFG
    SLICE_X93Y36         FDCE                                         r  k0_reg_reg[13]/C

Slack:                    inf
  Source:                 rst
                            (input port)
  Destination:            k0_reg_reg[14]/CLR
                            (recovery check against rising-edge clock sys_clk  {rise@0.000ns fall@2.500ns period=5.000ns})
  Path Group:             (none)
  Path Type:              Recovery (Max at Slow Process Corner)
  Data Path Delay:        5.985ns  (logic 0.882ns (14.741%)  route 5.102ns (85.259%))
  Logic Levels:           1  (IBUF=1)
  Clock Path Skew:        3.877ns (DCD - SCD + CPR)
    Destination Clock Delay (DCD):    3.877ns
    Source Clock Delay      (SCD):    0.000ns
    Clock Pessimism Removal (CPR):    0.000ns
  Clock Uncertainty:      0.025ns  ((TSJ^2 + TIJ^2)^1/2 + DJ) / 2 + PE
    Total System Jitter     (TSJ):    0.050ns
    Total Input Jitter      (TIJ):    0.000ns
    Discrete Jitter          (DJ):    0.000ns
    Phase Error              (PE):    0.000ns

    Location             Delay type                Incr(ns)  Path(ns)    Netlist Resource(s)
  -------------------------------------------------------------------    -------------------
    H15                                               0.000     0.000 f  rst (IN)
                         net (fo=0)                   0.000     0.000    rst
    H15                  IBUF (Prop_ibuf_I_O)         0.882     0.882 f  rst_IBUF_inst/O
                         net (fo=229, routed)         5.102     5.985    rst_IBUF
    SLICE_X93Y36         FDCE                                         f  k0_reg_reg[14]/CLR
  -------------------------------------------------------------------    -------------------

                         (clock sys_clk rise edge)    0.000     0.000 r  
    K19                                               0.000     0.000 r  clk (IN)
                         net (fo=0)                   0.000     0.000    clk
    K19                  IBUF (Prop_ibuf_I_O)         0.739     0.739 r  clk_IBUF_inst/O
                         net (fo=1, routed)           1.701     2.440    clk_IBUF
    BUFGCTRL_X0Y16       BUFG (Prop_bufg_I_O)         0.077     2.517 r  clk_IBUF_BUFG_inst/O
                         net (fo=233, routed)         1.360     3.877    clk_IBUF_BUFG
    SLICE_X93Y36         FDCE                                         r  k0_reg_reg[14]/C

Slack:                    inf
  Source:                 rst
                            (input port)
  Destination:            k0_reg_reg[15]/CLR
                            (recovery check against rising-edge clock sys_clk  {rise@0.000ns fall@2.500ns period=5.000ns})
  Path Group:             (none)
  Path Type:              Recovery (Max at Slow Process Corner)
  Data Path Delay:        5.985ns  (logic 0.882ns (14.741%)  route 5.102ns (85.259%))
  Logic Levels:           1  (IBUF=1)
  Clock Path Skew:        3.877ns (DCD - SCD + CPR)
    Destination Clock Delay (DCD):    3.877ns
    Source Clock Delay      (SCD):    0.000ns
    Clock Pessimism Removal (CPR):    0.000ns
  Clock Uncertainty:      0.025ns  ((TSJ^2 + TIJ^2)^1/2 + DJ) / 2 + PE
    Total System Jitter     (TSJ):    0.050ns
    Total Input Jitter      (TIJ):    0.000ns
    Discrete Jitter          (DJ):    0.000ns
    Phase Error              (PE):    0.000ns

    Location             Delay type                Incr(ns)  Path(ns)    Netlist Resource(s)
  -------------------------------------------------------------------    -------------------
    H15                                               0.000     0.000 f  rst (IN)
                         net (fo=0)                   0.000     0.000    rst
    H15                  IBUF (Prop_ibuf_I_O)         0.882     0.882 f  rst_IBUF_inst/O
                         net (fo=229, routed)         5.102     5.985    rst_IBUF
    SLICE_X93Y36         FDCE                                         f  k0_reg_reg[15]/CLR
  -------------------------------------------------------------------    -------------------

                         (clock sys_clk rise edge)    0.000     0.000 r  
    K19                                               0.000     0.000 r  clk (IN)
                         net (fo=0)                   0.000     0.000    clk
    K19                  IBUF (Prop_ibuf_I_O)         0.739     0.739 r  clk_IBUF_inst/O
                         net (fo=1, routed)           1.701     2.440    clk_IBUF
    BUFGCTRL_X0Y16       BUFG (Prop_bufg_I_O)         0.077     2.517 r  clk_IBUF_BUFG_inst/O
                         net (fo=233, routed)         1.360     3.877    clk_IBUF_BUFG
    SLICE_X93Y36         FDCE                                         r  k0_reg_reg[15]/C

Slack:                    inf
  Source:                 rst
                            (input port)
  Destination:            result_reg[4]/CLR
                            (recovery check against rising-edge clock sys_clk  {rise@0.000ns fall@2.500ns period=5.000ns})
  Path Group:             (none)
  Path Type:              Recovery (Max at Slow Process Corner)
  Data Path Delay:        5.985ns  (logic 0.882ns (14.741%)  route 5.102ns (85.259%))
  Logic Levels:           1  (IBUF=1)
  Clock Path Skew:        3.877ns (DCD - SCD + CPR)
    Destination Clock Delay (DCD):    3.877ns
    Source Clock Delay      (SCD):    0.000ns
    Clock Pessimism Removal (CPR):    0.000ns
  Clock Uncertainty:      0.025ns  ((TSJ^2 + TIJ^2)^1/2 + DJ) / 2 + PE
    Total System Jitter     (TSJ):    0.050ns
    Total Input Jitter      (TIJ):    0.000ns
    Discrete Jitter          (DJ):    0.000ns
    Phase Error              (PE):    0.000ns

    Location             Delay type                Incr(ns)  Path(ns)    Netlist Resource(s)
  -------------------------------------------------------------------    -------------------
    H15                                               0.000     0.000 f  rst (IN)
                         net (fo=0)                   0.000     0.000    rst
    H15                  IBUF (Prop_ibuf_I_O)         0.882     0.882 f  rst_IBUF_inst/O
                         net (fo=229, routed)         5.102     5.985    rst_IBUF
    SLICE_X92Y36         FDCE                                         f  result_reg[4]/CLR
  -------------------------------------------------------------------    -------------------

                         (clock sys_clk rise edge)    0.000     0.000 r  
    K19                                               0.000     0.000 r  clk (IN)
                         net (fo=0)                   0.000     0.000    clk
    K19                  IBUF (Prop_ibuf_I_O)         0.739     0.739 r  clk_IBUF_inst/O
                         net (fo=1, routed)           1.701     2.440    clk_IBUF
    BUFGCTRL_X0Y16       BUFG (Prop_bufg_I_O)         0.077     2.517 r  clk_IBUF_BUFG_inst/O
                         net (fo=233, routed)         1.360     3.877    clk_IBUF_BUFG
    SLICE_X92Y36         FDCE                                         r  result_reg[4]/C

Slack:                    inf
  Source:                 rst
                            (input port)
  Destination:            result_reg[5]/CLR
                            (recovery check against rising-edge clock sys_clk  {rise@0.000ns fall@2.500ns period=5.000ns})
  Path Group:             (none)
  Path Type:              Recovery (Max at Slow Process Corner)
  Data Path Delay:        5.985ns  (logic 0.882ns (14.741%)  route 5.102ns (85.259%))
  Logic Levels:           1  (IBUF=1)
  Clock Path Skew:        3.877ns (DCD - SCD + CPR)
    Destination Clock Delay (DCD):    3.877ns
    Source Clock Delay      (SCD):    0.000ns
    Clock Pessimism Removal (CPR):    0.000ns
  Clock Uncertainty:      0.025ns  ((TSJ^2 + TIJ^2)^1/2 + DJ) / 2 + PE
    Total System Jitter     (TSJ):    0.050ns
    Total Input Jitter      (TIJ):    0.000ns
    Discrete Jitter          (DJ):    0.000ns
    Phase Error              (PE):    0.000ns

    Location             Delay type                Incr(ns)  Path(ns)    Netlist Resource(s)
  -------------------------------------------------------------------    -------------------
    H15                                               0.000     0.000 f  rst (IN)
                         net (fo=0)                   0.000     0.000    rst
    H15                  IBUF (Prop_ibuf_I_O)         0.882     0.882 f  rst_IBUF_inst/O
                         net (fo=229, routed)         5.102     5.985    rst_IBUF
    SLICE_X92Y36         FDCE                                         f  result_reg[5]/CLR
  -------------------------------------------------------------------    -------------------

                         (clock sys_clk rise edge)    0.000     0.000 r  
    K19                                               0.000     0.000 r  clk (IN)
                         net (fo=0)                   0.000     0.000    clk
    K19                  IBUF (Prop_ibuf_I_O)         0.739     0.739 r  clk_IBUF_inst/O
                         net (fo=1, routed)           1.701     2.440    clk_IBUF
    BUFGCTRL_X0Y16       BUFG (Prop_bufg_I_O)         0.077     2.517 r  clk_IBUF_BUFG_inst/O
                         net (fo=233, routed)         1.360     3.877    clk_IBUF_BUFG
    SLICE_X92Y36         FDCE                                         r  result_reg[5]/C

Slack:                    inf
  Source:                 rst
                            (input port)
  Destination:            result_reg[6]/CLR
                            (recovery check against rising-edge clock sys_clk  {rise@0.000ns fall@2.500ns period=5.000ns})
  Path Group:             (none)
  Path Type:              Recovery (Max at Slow Process Corner)
  Data Path Delay:        5.985ns  (logic 0.882ns (14.741%)  route 5.102ns (85.259%))
  Logic Levels:           1  (IBUF=1)
  Clock Path Skew:        3.877ns (DCD - SCD + CPR)
    Destination Clock Delay (DCD):    3.877ns
    Source Clock Delay      (SCD):    0.000ns
    Clock Pessimism Removal (CPR):    0.000ns
  Clock Uncertainty:      0.025ns  ((TSJ^2 + TIJ^2)^1/2 + DJ) / 2 + PE
    Total System Jitter     (TSJ):    0.050ns
    Total Input Jitter      (TIJ):    0.000ns
    Discrete Jitter          (DJ):    0.000ns
    Phase Error              (PE):    0.000ns

    Location             Delay type                Incr(ns)  Path(ns)    Netlist Resource(s)
  -------------------------------------------------------------------    -------------------
    H15                                               0.000     0.000 f  rst (IN)
                         net (fo=0)                   0.000     0.000    rst
    H15                  IBUF (Prop_ibuf_I_O)         0.882     0.882 f  rst_IBUF_inst/O
                         net (fo=229, routed)         5.102     5.985    rst_IBUF
    SLICE_X92Y36         FDCE                                         f  result_reg[6]/CLR
  -------------------------------------------------------------------    -------------------

                         (clock sys_clk rise edge)    0.000     0.000 r  
    K19                                               0.000     0.000 r  clk (IN)
                         net (fo=0)                   0.000     0.000    clk
    K19                  IBUF (Prop_ibuf_I_O)         0.739     0.739 r  clk_IBUF_inst/O
                         net (fo=1, routed)           1.701     2.440    clk_IBUF
    BUFGCTRL_X0Y16       BUFG (Prop_bufg_I_O)         0.077     2.517 r  clk_IBUF_BUFG_inst/O
                         net (fo=233, routed)         1.360     3.877    clk_IBUF_BUFG
    SLICE_X92Y36         FDCE                                         r  result_reg[6]/C

Slack:                    inf
  Source:                 rst
                            (input port)
  Destination:            result_reg[7]/CLR
                            (recovery check against rising-edge clock sys_clk  {rise@0.000ns fall@2.500ns period=5.000ns})
  Path Group:             (none)
  Path Type:              Recovery (Max at Slow Process Corner)
  Data Path Delay:        5.985ns  (logic 0.882ns (14.741%)  route 5.102ns (85.259%))
  Logic Levels:           1  (IBUF=1)
  Clock Path Skew:        3.877ns (DCD - SCD + CPR)
    Destination Clock Delay (DCD):    3.877ns
    Source Clock Delay      (SCD):    0.000ns
    Clock Pessimism Removal (CPR):    0.000ns
  Clock Uncertainty:      0.025ns  ((TSJ^2 + TIJ^2)^1/2 + DJ) / 2 + PE
    Total System Jitter     (TSJ):    0.050ns
    Total Input Jitter      (TIJ):    0.000ns
    Discrete Jitter          (DJ):    0.000ns
    Phase Error              (PE):    0.000ns

    Location             Delay type                Incr(ns)  Path(ns)    Netlist Resource(s)
  -------------------------------------------------------------------    -------------------
    H15                                               0.000     0.000 f  rst (IN)
                         net (fo=0)                   0.000     0.000    rst
    H15                  IBUF (Prop_ibuf_I_O)         0.882     0.882 f  rst_IBUF_inst/O
                         net (fo=229, routed)         5.102     5.985    rst_IBUF
    SLICE_X92Y36         FDCE                                         f  result_reg[7]/CLR
  -------------------------------------------------------------------    -------------------

                         (clock sys_clk rise edge)    0.000     0.000 r  
    K19                                               0.000     0.000 r  clk (IN)
                         net (fo=0)                   0.000     0.000    clk
    K19                  IBUF (Prop_ibuf_I_O)         0.739     0.739 r  clk_IBUF_inst/O
                         net (fo=1, routed)           1.701     2.440    clk_IBUF
    BUFGCTRL_X0Y16       BUFG (Prop_bufg_I_O)         0.077     2.517 r  clk_IBUF_BUFG_inst/O
                         net (fo=233, routed)         1.360     3.877    clk_IBUF_BUFG
    SLICE_X92Y36         FDCE                                         r  result_reg[7]/C

Slack:                    inf
  Source:                 rst
                            (input port)
  Destination:            k3_reg_reg[0]/CLR
                            (recovery check against rising-edge clock sys_clk  {rise@0.000ns fall@2.500ns period=5.000ns})
  Path Group:             (none)
  Path Type:              Recovery (Max at Slow Process Corner)
  Data Path Delay:        5.881ns  (logic 0.882ns (15.002%)  route 4.998ns (84.998%))
  Logic Levels:           1  (IBUF=1)
  Clock Path Skew:        3.883ns (DCD - SCD + CPR)
    Destination Clock Delay (DCD):    3.883ns
    Source Clock Delay      (SCD):    0.000ns
    Clock Pessimism Removal (CPR):    0.000ns
  Clock Uncertainty:      0.025ns  ((TSJ^2 + TIJ^2)^1/2 + DJ) / 2 + PE
    Total System Jitter     (TSJ):    0.050ns
    Total Input Jitter      (TIJ):    0.000ns
    Discrete Jitter          (DJ):    0.000ns
    Phase Error              (PE):    0.000ns

    Location             Delay type                Incr(ns)  Path(ns)    Netlist Resource(s)
  -------------------------------------------------------------------    -------------------
    H15                                               0.000     0.000 f  rst (IN)
                         net (fo=0)                   0.000     0.000    rst
    H15                  IBUF (Prop_ibuf_I_O)         0.882     0.882 f  rst_IBUF_inst/O
                         net (fo=229, routed)         4.998     5.881    rst_IBUF
    SLICE_X94Y43         FDCE                                         f  k3_reg_reg[0]/CLR
  -------------------------------------------------------------------    -------------------

                         (clock sys_clk rise edge)    0.000     0.000 r  
    K19                                               0.000     0.000 r  clk (IN)
                         net (fo=0)                   0.000     0.000    clk
    K19                  IBUF (Prop_ibuf_I_O)         0.739     0.739 r  clk_IBUF_inst/O
                         net (fo=1, routed)           1.701     2.440    clk_IBUF
    BUFGCTRL_X0Y16       BUFG (Prop_bufg_I_O)         0.077     2.517 r  clk_IBUF_BUFG_inst/O
                         net (fo=233, routed)         1.366     3.883    clk_IBUF_BUFG
    SLICE_X94Y43         FDCE                                         r  k3_reg_reg[0]/C

Slack:                    inf
  Source:                 rst
                            (input port)
  Destination:            k3_reg_reg[12]/CLR
                            (recovery check against rising-edge clock sys_clk  {rise@0.000ns fall@2.500ns period=5.000ns})
  Path Group:             (none)
  Path Type:              Recovery (Max at Slow Process Corner)
  Data Path Delay:        5.881ns  (logic 0.882ns (15.002%)  route 4.998ns (84.998%))
  Logic Levels:           1  (IBUF=1)
  Clock Path Skew:        3.883ns (DCD - SCD + CPR)
    Destination Clock Delay (DCD):    3.883ns
    Source Clock Delay      (SCD):    0.000ns
    Clock Pessimism Removal (CPR):    0.000ns
  Clock Uncertainty:      0.025ns  ((TSJ^2 + TIJ^2)^1/2 + DJ) / 2 + PE
    Total System Jitter     (TSJ):    0.050ns
    Total Input Jitter      (TIJ):    0.000ns
    Discrete Jitter          (DJ):    0.000ns
    Phase Error              (PE):    0.000ns

    Location             Delay type                Incr(ns)  Path(ns)    Netlist Resource(s)
  -------------------------------------------------------------------    -------------------
    H15                                               0.000     0.000 f  rst (IN)
                         net (fo=0)                   0.000     0.000    rst
    H15                  IBUF (Prop_ibuf_I_O)         0.882     0.882 f  rst_IBUF_inst/O
                         net (fo=229, routed)         4.998     5.881    rst_IBUF
    SLICE_X95Y43         FDCE                                         f  k3_reg_reg[12]/CLR
  -------------------------------------------------------------------    -------------------

                         (clock sys_clk rise edge)    0.000     0.000 r  
    K19                                               0.000     0.000 r  clk (IN)
                         net (fo=0)                   0.000     0.000    clk
    K19                  IBUF (Prop_ibuf_I_O)         0.739     0.739 r  clk_IBUF_inst/O
                         net (fo=1, routed)           1.701     2.440    clk_IBUF
    BUFGCTRL_X0Y16       BUFG (Prop_bufg_I_O)         0.077     2.517 r  clk_IBUF_BUFG_inst/O
                         net (fo=233, routed)         1.366     3.883    clk_IBUF_BUFG
    SLICE_X95Y43         FDCE                                         r  k3_reg_reg[12]/C





Min Delay Paths
--------------------------------------------------------------------------------------
Slack:                    inf
  Source:                 x3[9]
                            (input port)
  Destination:            x3_reg_reg[9]/D
                            (rising edge-triggered cell FDCE clocked by sys_clk  {rise@0.000ns fall@2.500ns period=5.000ns})
  Path Group:             (none)
  Path Type:              Hold (Min at Fast Process Corner)
  Data Path Delay:        0.758ns  (logic 0.194ns (25.632%)  route 0.563ns (74.368%))
  Logic Levels:           1  (IBUF=1)
  Clock Path Skew:        1.997ns (DCD - SCD - CPR)
    Destination Clock Delay (DCD):    1.997ns
    Source Clock Delay      (SCD):    0.000ns
    Clock Pessimism Removal (CPR):    -0.000ns

    Location             Delay type                Incr(ns)  Path(ns)    Netlist Resource(s)
  -------------------------------------------------------------------    -------------------
    W21                                               0.000     0.000 r  x3[9] (IN)
                         net (fo=0)                   0.000     0.000    x3[9]
    W21                  IBUF (Prop_ibuf_I_O)         0.194     0.194 r  x3_IBUF[9]_inst/O
                         net (fo=1, routed)           0.563     0.758    x3_IBUF[9]
    SLICE_X94Y41         FDCE                                         r  x3_reg_reg[9]/D
  -------------------------------------------------------------------    -------------------

                         (clock sys_clk rise edge)    0.000     0.000 r  
    K19                                               0.000     0.000 r  clk (IN)
                         net (fo=0)                   0.000     0.000    clk
    K19                  IBUF (Prop_ibuf_I_O)         0.355     0.355 r  clk_IBUF_inst/O
                         net (fo=1, routed)           0.731     1.086    clk_IBUF
    BUFGCTRL_X0Y16       BUFG (Prop_bufg_I_O)         0.029     1.115 r  clk_IBUF_BUFG_inst/O
                         net (fo=233, routed)         0.882     1.997    clk_IBUF_BUFG
    SLICE_X94Y41         FDCE                                         r  x3_reg_reg[9]/C

Slack:                    inf
  Source:                 x3[10]
                            (input port)
  Destination:            x3_reg_reg[10]/D
                            (rising edge-triggered cell FDCE clocked by sys_clk  {rise@0.000ns fall@2.500ns period=5.000ns})
  Path Group:             (none)
  Path Type:              Hold (Min at Fast Process Corner)
  Data Path Delay:        0.761ns  (logic 0.207ns (27.237%)  route 0.554ns (72.763%))
  Logic Levels:           1  (IBUF=1)
  Clock Path Skew:        1.997ns (DCD - SCD - CPR)
    Destination Clock Delay (DCD):    1.997ns
    Source Clock Delay      (SCD):    0.000ns
    Clock Pessimism Removal (CPR):    -0.000ns

    Location             Delay type                Incr(ns)  Path(ns)    Netlist Resource(s)
  -------------------------------------------------------------------    -------------------
    W20                                               0.000     0.000 r  x3[10] (IN)
                         net (fo=0)                   0.000     0.000    x3[10]
    W20                  IBUF (Prop_ibuf_I_O)         0.207     0.207 r  x3_IBUF[10]_inst/O
                         net (fo=1, routed)           0.554     0.761    x3_IBUF[10]
    SLICE_X98Y42         FDCE                                         r  x3_reg_reg[10]/D
  -------------------------------------------------------------------    -------------------

                         (clock sys_clk rise edge)    0.000     0.000 r  
    K19                                               0.000     0.000 r  clk (IN)
                         net (fo=0)                   0.000     0.000    clk
    K19                  IBUF (Prop_ibuf_I_O)         0.355     0.355 r  clk_IBUF_inst/O
                         net (fo=1, routed)           0.731     1.086    clk_IBUF
    BUFGCTRL_X0Y16       BUFG (Prop_bufg_I_O)         0.029     1.115 r  clk_IBUF_BUFG_inst/O
                         net (fo=233, routed)         0.882     1.997    clk_IBUF_BUFG
    SLICE_X98Y42         FDCE                                         r  x3_reg_reg[10]/C

Slack:                    inf
  Source:                 x2[15]
                            (input port)
  Destination:            x2_reg_reg[15]/D
                            (rising edge-triggered cell FDCE clocked by sys_clk  {rise@0.000ns fall@2.500ns period=5.000ns})
  Path Group:             (none)
  Path Type:              Hold (Min at Fast Process Corner)
  Data Path Delay:        0.780ns  (logic 0.191ns (24.524%)  route 0.588ns (75.476%))
  Logic Levels:           1  (IBUF=1)
  Clock Path Skew:        1.994ns (DCD - SCD - CPR)
    Destination Clock Delay (DCD):    1.994ns
    Source Clock Delay      (SCD):    0.000ns
    Clock Pessimism Removal (CPR):    -0.000ns

    Location             Delay type                Incr(ns)  Path(ns)    Netlist Resource(s)
  -------------------------------------------------------------------    -------------------
    Y21                                               0.000     0.000 r  x2[15] (IN)
                         net (fo=0)                   0.000     0.000    x2[15]
    Y21                  IBUF (Prop_ibuf_I_O)         0.191     0.191 r  x2_IBUF[15]_inst/O
                         net (fo=1, routed)           0.588     0.780    x2_IBUF[15]
    SLICE_X102Y35        FDCE                                         r  x2_reg_reg[15]/D
  -------------------------------------------------------------------    -------------------

                         (clock sys_clk rise edge)    0.000     0.000 r  
    K19                                               0.000     0.000 r  clk (IN)
                         net (fo=0)                   0.000     0.000    clk
    K19                  IBUF (Prop_ibuf_I_O)         0.355     0.355 r  clk_IBUF_inst/O
                         net (fo=1, routed)           0.731     1.086    clk_IBUF
    BUFGCTRL_X0Y16       BUFG (Prop_bufg_I_O)         0.029     1.115 r  clk_IBUF_BUFG_inst/O
                         net (fo=233, routed)         0.879     1.994    clk_IBUF_BUFG
    SLICE_X102Y35        FDCE                                         r  x2_reg_reg[15]/C

Slack:                    inf
  Source:                 x3[13]
                            (input port)
  Destination:            x3_reg_reg[13]/D
                            (rising edge-triggered cell FDCE clocked by sys_clk  {rise@0.000ns fall@2.500ns period=5.000ns})
  Path Group:             (none)
  Path Type:              Hold (Min at Fast Process Corner)
  Data Path Delay:        0.794ns  (logic 0.190ns (23.966%)  route 0.603ns (76.034%))
  Logic Levels:           1  (IBUF=1)
  Clock Path Skew:        1.998ns (DCD - SCD - CPR)
    Destination Clock Delay (DCD):    1.998ns
    Source Clock Delay      (SCD):    0.000ns
    Clock Pessimism Removal (CPR):    -0.000ns

    Location             Delay type                Incr(ns)  Path(ns)    Netlist Resource(s)
  -------------------------------------------------------------------    -------------------
    U22                                               0.000     0.000 r  x3[13] (IN)
                         net (fo=0)                   0.000     0.000    x3[13]
    U22                  IBUF (Prop_ibuf_I_O)         0.190     0.190 r  x3_IBUF[13]_inst/O
                         net (fo=1, routed)           0.603     0.794    x3_IBUF[13]
    SLICE_X96Y43         FDCE                                         r  x3_reg_reg[13]/D
  -------------------------------------------------------------------    -------------------

                         (clock sys_clk rise edge)    0.000     0.000 r  
    K19                                               0.000     0.000 r  clk (IN)
                         net (fo=0)                   0.000     0.000    clk
    K19                  IBUF (Prop_ibuf_I_O)         0.355     0.355 r  clk_IBUF_inst/O
                         net (fo=1, routed)           0.731     1.086    clk_IBUF
    BUFGCTRL_X0Y16       BUFG (Prop_bufg_I_O)         0.029     1.115 r  clk_IBUF_BUFG_inst/O
                         net (fo=233, routed)         0.883     1.998    clk_IBUF_BUFG
    SLICE_X96Y43         FDCE                                         r  x3_reg_reg[13]/C

Slack:                    inf
  Source:                 x2[14]
                            (input port)
  Destination:            x2_reg_reg[14]/D
                            (rising edge-triggered cell FDCE clocked by sys_clk  {rise@0.000ns fall@2.500ns period=5.000ns})
  Path Group:             (none)
  Path Type:              Hold (Min at Fast Process Corner)
  Data Path Delay:        0.800ns  (logic 0.196ns (24.461%)  route 0.604ns (75.539%))
  Logic Levels:           1  (IBUF=1)
  Clock Path Skew:        1.997ns (DCD - SCD - CPR)
    Destination Clock Delay (DCD):    1.997ns
    Source Clock Delay      (SCD):    0.000ns
    Clock Pessimism Removal (CPR):    -0.000ns

    Location             Delay type                Incr(ns)  Path(ns)    Netlist Resource(s)
  -------------------------------------------------------------------    -------------------
    AB19                                              0.000     0.000 r  x2[14] (IN)
                         net (fo=0)                   0.000     0.000    x2[14]
    AB19                 IBUF (Prop_ibuf_I_O)         0.196     0.196 r  x2_IBUF[14]_inst/O
                         net (fo=1, routed)           0.604     0.800    x2_IBUF[14]
    SLICE_X103Y38        FDCE                                         r  x2_reg_reg[14]/D
  -------------------------------------------------------------------    -------------------

                         (clock sys_clk rise edge)    0.000     0.000 r  
    K19                                               0.000     0.000 r  clk (IN)
                         net (fo=0)                   0.000     0.000    clk
    K19                  IBUF (Prop_ibuf_I_O)         0.355     0.355 r  clk_IBUF_inst/O
                         net (fo=1, routed)           0.731     1.086    clk_IBUF
    BUFGCTRL_X0Y16       BUFG (Prop_bufg_I_O)         0.029     1.115 r  clk_IBUF_BUFG_inst/O
                         net (fo=233, routed)         0.882     1.997    clk_IBUF_BUFG
    SLICE_X103Y38        FDCE                                         r  x2_reg_reg[14]/C

Slack:                    inf
  Source:                 x3[14]
                            (input port)
  Destination:            x3_reg_reg[14]/D
                            (rising edge-triggered cell FDCE clocked by sys_clk  {rise@0.000ns fall@2.500ns period=5.000ns})
  Path Group:             (none)
  Path Type:              Hold (Min at Fast Process Corner)
  Data Path Delay:        0.803ns  (logic 0.182ns (22.617%)  route 0.621ns (77.383%))
  Logic Levels:           1  (IBUF=1)
  Clock Path Skew:        1.998ns (DCD - SCD - CPR)
    Destination Clock Delay (DCD):    1.998ns
    Source Clock Delay      (SCD):    0.000ns
    Clock Pessimism Removal (CPR):    -0.000ns

    Location             Delay type                Incr(ns)  Path(ns)    Netlist Resource(s)
  -------------------------------------------------------------------    -------------------
    T22                                               0.000     0.000 r  x3[14] (IN)
                         net (fo=0)                   0.000     0.000    x3[14]
    T22                  IBUF (Prop_ibuf_I_O)         0.182     0.182 r  x3_IBUF[14]_inst/O
                         net (fo=1, routed)           0.621     0.803    x3_IBUF[14]
    SLICE_X94Y45         FDCE                                         r  x3_reg_reg[14]/D
  -------------------------------------------------------------------    -------------------

                         (clock sys_clk rise edge)    0.000     0.000 r  
    K19                                               0.000     0.000 r  clk (IN)
                         net (fo=0)                   0.000     0.000    clk
    K19                  IBUF (Prop_ibuf_I_O)         0.355     0.355 r  clk_IBUF_inst/O
                         net (fo=1, routed)           0.731     1.086    clk_IBUF
    BUFGCTRL_X0Y16       BUFG (Prop_bufg_I_O)         0.029     1.115 r  clk_IBUF_BUFG_inst/O
                         net (fo=233, routed)         0.883     1.998    clk_IBUF_BUFG
    SLICE_X94Y45         FDCE                                         r  x3_reg_reg[14]/C

Slack:                    inf
  Source:                 x3[11]
                            (input port)
  Destination:            x3_reg_reg[11]/D
                            (rising edge-triggered cell FDCE clocked by sys_clk  {rise@0.000ns fall@2.500ns period=5.000ns})
  Path Group:             (none)
  Path Type:              Hold (Min at Fast Process Corner)
  Data Path Delay:        0.811ns  (logic 0.190ns (23.440%)  route 0.621ns (76.560%))
  Logic Levels:           1  (IBUF=1)
  Clock Path Skew:        1.997ns (DCD - SCD - CPR)
    Destination Clock Delay (DCD):    1.997ns
    Source Clock Delay      (SCD):    0.000ns
    Clock Pessimism Removal (CPR):    -0.000ns

    Location             Delay type                Incr(ns)  Path(ns)    Netlist Resource(s)
  -------------------------------------------------------------------    -------------------
    W22                                               0.000     0.000 r  x3[11] (IN)
                         net (fo=0)                   0.000     0.000    x3[11]
    W22                  IBUF (Prop_ibuf_I_O)         0.190     0.190 r  x3_IBUF[11]_inst/O
                         net (fo=1, routed)           0.621     0.811    x3_IBUF[11]
    SLICE_X94Y42         FDCE                                         r  x3_reg_reg[11]/D
  -------------------------------------------------------------------    -------------------

                         (clock sys_clk rise edge)    0.000     0.000 r  
    K19                                               0.000     0.000 r  clk (IN)
                         net (fo=0)                   0.000     0.000    clk
    K19                  IBUF (Prop_ibuf_I_O)         0.355     0.355 r  clk_IBUF_inst/O
                         net (fo=1, routed)           0.731     1.086    clk_IBUF
    BUFGCTRL_X0Y16       BUFG (Prop_bufg_I_O)         0.029     1.115 r  clk_IBUF_BUFG_inst/O
                         net (fo=233, routed)         0.882     1.997    clk_IBUF_BUFG
    SLICE_X94Y42         FDCE                                         r  x3_reg_reg[11]/C

Slack:                    inf
  Source:                 x3[8]
                            (input port)
  Destination:            x3_reg_reg[8]/D
                            (rising edge-triggered cell FDCE clocked by sys_clk  {rise@0.000ns fall@2.500ns period=5.000ns})
  Path Group:             (none)
  Path Type:              Hold (Min at Fast Process Corner)
  Data Path Delay:        0.812ns  (logic 0.174ns (21.446%)  route 0.638ns (78.554%))
  Logic Levels:           1  (IBUF=1)
  Clock Path Skew:        1.997ns (DCD - SCD - CPR)
    Destination Clock Delay (DCD):    1.997ns
    Source Clock Delay      (SCD):    0.000ns
    Clock Pessimism Removal (CPR):    -0.000ns

    Location             Delay type                Incr(ns)  Path(ns)    Netlist Resource(s)
  -------------------------------------------------------------------    -------------------
    U20                                               0.000     0.000 r  x3[8] (IN)
                         net (fo=0)                   0.000     0.000    x3[8]
    U20                  IBUF (Prop_ibuf_I_O)         0.174     0.174 r  x3_IBUF[8]_inst/O
                         net (fo=1, routed)           0.638     0.812    x3_IBUF[8]
    SLICE_X98Y42         FDCE                                         r  x3_reg_reg[8]/D
  -------------------------------------------------------------------    -------------------

                         (clock sys_clk rise edge)    0.000     0.000 r  
    K19                                               0.000     0.000 r  clk (IN)
                         net (fo=0)                   0.000     0.000    clk
    K19                  IBUF (Prop_ibuf_I_O)         0.355     0.355 r  clk_IBUF_inst/O
                         net (fo=1, routed)           0.731     1.086    clk_IBUF
    BUFGCTRL_X0Y16       BUFG (Prop_bufg_I_O)         0.029     1.115 r  clk_IBUF_BUFG_inst/O
                         net (fo=233, routed)         0.882     1.997    clk_IBUF_BUFG
    SLICE_X98Y42         FDCE                                         r  x3_reg_reg[8]/C

Slack:                    inf
  Source:                 x3[12]
                            (input port)
  Destination:            x3_reg_reg[12]/D
                            (rising edge-triggered cell FDCE clocked by sys_clk  {rise@0.000ns fall@2.500ns period=5.000ns})
  Path Group:             (none)
  Path Type:              Hold (Min at Fast Process Corner)
  Data Path Delay:        0.825ns  (logic 0.196ns (23.730%)  route 0.630ns (76.270%))
  Logic Levels:           1  (IBUF=1)
  Clock Path Skew:        1.998ns (DCD - SCD - CPR)
    Destination Clock Delay (DCD):    1.998ns
    Source Clock Delay      (SCD):    0.000ns
    Clock Pessimism Removal (CPR):    -0.000ns

    Location             Delay type                Incr(ns)  Path(ns)    Netlist Resource(s)
  -------------------------------------------------------------------    -------------------
    V22                                               0.000     0.000 r  x3[12] (IN)
                         net (fo=0)                   0.000     0.000    x3[12]
    V22                  IBUF (Prop_ibuf_I_O)         0.196     0.196 r  x3_IBUF[12]_inst/O
                         net (fo=1, routed)           0.630     0.825    x3_IBUF[12]
    SLICE_X95Y44         FDCE                                         r  x3_reg_reg[12]/D
  -------------------------------------------------------------------    -------------------

                         (clock sys_clk rise edge)    0.000     0.000 r  
    K19                                               0.000     0.000 r  clk (IN)
                         net (fo=0)                   0.000     0.000    clk
    K19                  IBUF (Prop_ibuf_I_O)         0.355     0.355 r  clk_IBUF_inst/O
                         net (fo=1, routed)           0.731     1.086    clk_IBUF
    BUFGCTRL_X0Y16       BUFG (Prop_bufg_I_O)         0.029     1.115 r  clk_IBUF_BUFG_inst/O
                         net (fo=233, routed)         0.883     1.998    clk_IBUF_BUFG
    SLICE_X95Y44         FDCE                                         r  x3_reg_reg[12]/C

Slack:                    inf
  Source:                 x2[13]
                            (input port)
  Destination:            x2_reg_reg[13]/D
                            (rising edge-triggered cell FDCE clocked by sys_clk  {rise@0.000ns fall@2.500ns period=5.000ns})
  Path Group:             (none)
  Path Type:              Hold (Min at Fast Process Corner)
  Data Path Delay:        0.831ns  (logic 0.206ns (24.801%)  route 0.625ns (75.199%))
  Logic Levels:           1  (IBUF=1)
  Clock Path Skew:        1.997ns (DCD - SCD - CPR)
    Destination Clock Delay (DCD):    1.997ns
    Source Clock Delay      (SCD):    0.000ns
    Clock Pessimism Removal (CPR):    -0.000ns

    Location             Delay type                Incr(ns)  Path(ns)    Netlist Resource(s)
  -------------------------------------------------------------------    -------------------
    AB20                                              0.000     0.000 r  x2[13] (IN)
                         net (fo=0)                   0.000     0.000    x2[13]
    AB20                 IBUF (Prop_ibuf_I_O)         0.206     0.206 r  x2_IBUF[13]_inst/O
                         net (fo=1, routed)           0.625     0.831    x2_IBUF[13]
    SLICE_X102Y38        FDCE                                         r  x2_reg_reg[13]/D
  -------------------------------------------------------------------    -------------------

                         (clock sys_clk rise edge)    0.000     0.000 r  
    K19                                               0.000     0.000 r  clk (IN)
                         net (fo=0)                   0.000     0.000    clk
    K19                  IBUF (Prop_ibuf_I_O)         0.355     0.355 r  clk_IBUF_inst/O
                         net (fo=1, routed)           0.731     1.086    clk_IBUF
    BUFGCTRL_X0Y16       BUFG (Prop_bufg_I_O)         0.029     1.115 r  clk_IBUF_BUFG_inst/O
                         net (fo=233, routed)         0.882     1.997    clk_IBUF_BUFG
    SLICE_X102Y38        FDCE                                         r  x2_reg_reg[13]/C





